-- phpMyAdmin SQL Dump
-- version 5.0.2
-- https://www.phpmyadmin.net/
--
-- Хост: localhost
-- Время создания: Май 29 2020 г., 12:43
-- Версия сервера: 5.7.30-0ubuntu0.16.04.1
-- Версия PHP: 7.4.6

SET SQL_MODE = "NO_AUTO_VALUE_ON_ZERO";
START TRANSACTION;
SET time_zone = "+00:00";


/*!40101 SET @OLD_CHARACTER_SET_CLIENT=@@CHARACTER_SET_CLIENT */;
/*!40101 SET @OLD_CHARACTER_SET_RESULTS=@@CHARACTER_SET_RESULTS */;
/*!40101 SET @OLD_COLLATION_CONNECTION=@@COLLATION_CONNECTION */;
/*!40101 SET NAMES utf8mb4 */;

--
-- База данных: `gift-db`
--

-- --------------------------------------------------------

--
-- Структура таблицы `exchange`
--

CREATE TABLE `exchange` (
  `id` int(11) NOT NULL,
  `user_money_id` int(11) DEFAULT NULL,
  `user_loyality_point_id` int(11) DEFAULT NULL,
  `dt` timestamp NOT NULL DEFAULT CURRENT_TIMESTAMP
) ENGINE=InnoDB DEFAULT CHARSET=utf8;

-- --------------------------------------------------------

--
-- Структура таблицы `goods`
--

CREATE TABLE `goods` (
  `id` int(11) NOT NULL,
  `name` varchar(255) DEFAULT NULL,
  `description` text,
  `count` int(11) DEFAULT '1',
  `price` float DEFAULT NULL
) ENGINE=InnoDB DEFAULT CHARSET=utf8;

--
-- Дамп данных таблицы `goods`
--

INSERT INTO `goods` (`id`, `name`, `description`, `count`, `price`) VALUES
(1001, 'Предмет 1', 'Описания предмета 1', 34, 593),
(1002, 'Предмет 2', 'Описания предмета 2', 6, 109),
(1003, 'Предмет 3', 'Описания предмета 3', 3, 574),
(1004, 'Предмет 4', 'Описания предмета 4', 20, 951),
(1005, 'Предмет 5', 'Описания предмета 5', 42, 933),
(1006, 'Предмет 6', 'Описания предмета 6', 9, 106),
(1007, 'Предмет 7', 'Описания предмета 7', 6, 686),
(1008, 'Предмет 8', 'Описания предмета 8', 32, 859),
(1009, 'Предмет 9', 'Описания предмета 9', 50, 768),
(1010, 'Предмет 10', 'Описания предмета 10', 18, 237),
(1011, 'Предмет 11', 'Описания предмета 11', 46, 569),
(1012, 'Предмет 12', 'Описания предмета 12', 36, 597),
(1013, 'Предмет 13', 'Описания предмета 13', 21, 519),
(1014, 'Предмет 14', 'Описания предмета 14', 25, 663),
(1015, 'Предмет 15', 'Описания предмета 15', 8, 397),
(1016, 'Предмет 16', 'Описания предмета 16', 49, 471),
(1017, 'Предмет 17', 'Описания предмета 17', 5, 681),
(1018, 'Предмет 18', 'Описания предмета 18', 4, 175),
(1019, 'Предмет 19', 'Описания предмета 19', 48, 511),
(1020, 'Предмет 20', 'Описания предмета 20', 14, 978),
(1021, 'Предмет 21', 'Описания предмета 21', 15, 106),
(1022, 'Предмет 22', 'Описания предмета 22', 11, 658),
(1023, 'Предмет 23', 'Описания предмета 23', 48, 757),
(1024, 'Предмет 24', 'Описания предмета 24', 12, 610),
(1025, 'Предмет 25', 'Описания предмета 25', 2, 307),
(1026, 'Предмет 26', 'Описания предмета 26', 36, 717),
(1027, 'Предмет 27', 'Описания предмета 27', 25, 917),
(1028, 'Предмет 28', 'Описания предмета 28', 48, 188),
(1029, 'Предмет 29', 'Описания предмета 29', 24, 120),
(1030, 'Предмет 30', 'Описания предмета 30', 36, 803),
(1031, 'Предмет 31', 'Описания предмета 31', 48, 920),
(1032, 'Предмет 32', 'Описания предмета 32', 21, 975),
(1033, 'Предмет 33', 'Описания предмета 33', 14, 241),
(1034, 'Предмет 34', 'Описания предмета 34', 30, 408),
(1035, 'Предмет 35', 'Описания предмета 35', 15, 720),
(1036, 'Предмет 36', 'Описания предмета 36', 3, 648),
(1037, 'Предмет 37', 'Описания предмета 37', 45, 326),
(1038, 'Предмет 38', 'Описания предмета 38', 10, 897),
(1039, 'Предмет 39', 'Описания предмета 39', 28, 726),
(1040, 'Предмет 40', 'Описания предмета 40', 37, 675),
(1041, 'Предмет 41', 'Описания предмета 41', 49, 321),
(1042, 'Предмет 42', 'Описания предмета 42', 21, 448),
(1043, 'Предмет 43', 'Описания предмета 43', 25, 412),
(1044, 'Предмет 44', 'Описания предмета 44', 28, 192),
(1045, 'Предмет 45', 'Описания предмета 45', 37, 962),
(1046, 'Предмет 46', 'Описания предмета 46', 47, 165),
(1047, 'Предмет 47', 'Описания предмета 47', 2, 352),
(1048, 'Предмет 48', 'Описания предмета 48', 48, 376),
(1049, 'Предмет 49', 'Описания предмета 49', 29, 519),
(1050, 'Предмет 50', 'Описания предмета 50', 36, 277),
(1051, 'Предмет 51', 'Описания предмета 51', 30, 833),
(1052, 'Предмет 52', 'Описания предмета 52', 26, 316),
(1053, 'Предмет 53', 'Описания предмета 53', 34, 273),
(1054, 'Предмет 54', 'Описания предмета 54', 10, 758),
(1055, 'Предмет 55', 'Описания предмета 55', 28, 356),
(1056, 'Предмет 56', 'Описания предмета 56', 5, 204),
(1057, 'Предмет 57', 'Описания предмета 57', 50, 590),
(1058, 'Предмет 58', 'Описания предмета 58', 28, 326),
(1059, 'Предмет 59', 'Описания предмета 59', 15, 665),
(1060, 'Предмет 60', 'Описания предмета 60', 28, 915),
(1061, 'Предмет 61', 'Описания предмета 61', 45, 995),
(1062, 'Предмет 62', 'Описания предмета 62', 35, 310),
(1063, 'Предмет 63', 'Описания предмета 63', 18, 744),
(1064, 'Предмет 64', 'Описания предмета 64', 2, 656),
(1065, 'Предмет 65', 'Описания предмета 65', 46, 675),
(1066, 'Предмет 66', 'Описания предмета 66', 9, 167),
(1067, 'Предмет 67', 'Описания предмета 67', 33, 655),
(1068, 'Предмет 68', 'Описания предмета 68', 15, 684),
(1069, 'Предмет 69', 'Описания предмета 69', 25, 629),
(1070, 'Предмет 70', 'Описания предмета 70', 18, 458),
(1071, 'Предмет 71', 'Описания предмета 71', 24, 167),
(1072, 'Предмет 72', 'Описания предмета 72', 42, 503),
(1073, 'Предмет 73', 'Описания предмета 73', 7, 558),
(1074, 'Предмет 74', 'Описания предмета 74', 46, 296),
(1075, 'Предмет 75', 'Описания предмета 75', 46, 803),
(1076, 'Предмет 76', 'Описания предмета 76', 21, 895),
(1077, 'Предмет 77', 'Описания предмета 77', 7, 857),
(1078, 'Предмет 78', 'Описания предмета 78', 25, 223),
(1079, 'Предмет 79', 'Описания предмета 79', 6, 399),
(1080, 'Предмет 80', 'Описания предмета 80', 45, 323),
(1081, 'Предмет 81', 'Описания предмета 81', 9, 549),
(1082, 'Предмет 82', 'Описания предмета 82', 17, 351),
(1083, 'Предмет 83', 'Описания предмета 83', 22, 411),
(1084, 'Предмет 84', 'Описания предмета 84', 7, 304),
(1085, 'Предмет 85', 'Описания предмета 85', 6, 137),
(1086, 'Предмет 86', 'Описания предмета 86', 33, 894),
(1087, 'Предмет 87', 'Описания предмета 87', 29, 670),
(1088, 'Предмет 88', 'Описания предмета 88', 13, 380),
(1089, 'Предмет 89', 'Описания предмета 89', 27, 501),
(1090, 'Предмет 90', 'Описания предмета 90', 20, 195),
(1091, 'Предмет 91', 'Описания предмета 91', 8, 952),
(1092, 'Предмет 92', 'Описания предмета 92', 41, 885),
(1093, 'Предмет 93', 'Описания предмета 93', 33, 367),
(1094, 'Предмет 94', 'Описания предмета 94', 3, 191),
(1095, 'Предмет 95', 'Описания предмета 95', 29, 248),
(1096, 'Предмет 96', 'Описания предмета 96', 17, 707),
(1097, 'Предмет 97', 'Описания предмета 97', 10, 544),
(1098, 'Предмет 98', 'Описания предмета 98', 49, 596),
(1099, 'Предмет 99', 'Описания предмета 99', 42, 831),
(1100, 'Предмет 100', 'Описания предмета 100', 41, 967);

-- --------------------------------------------------------

--
-- Структура таблицы `items`
--

CREATE TABLE `items` (
  `id` int(11) NOT NULL,
  `good_id` int(11) NOT NULL,
  `prize_id` int(11) NOT NULL
) ENGINE=InnoDB DEFAULT CHARSET=utf8;

--
-- Дамп данных таблицы `items`
--

INSERT INTO `items` (`id`, `good_id`, `prize_id`) VALUES
(1, 1001, 19),
(2, 1002, 19),
(3, 1003, 19),
(4, 1004, 19),
(5, 1005, 19),
(6, 1006, 19),
(7, 1007, 19),
(8, 1008, 19),
(9, 1009, 19),
(10, 1010, 19),
(11, 1011, 19),
(12, 1012, 19),
(13, 1013, 19),
(14, 1014, 19),
(15, 1015, 19),
(16, 1016, 19),
(17, 1017, 19),
(18, 1018, 19),
(19, 1019, 19),
(20, 1020, 19),
(21, 1021, 19),
(22, 1022, 19),
(23, 1023, 19),
(24, 1024, 19),
(25, 1025, 19),
(26, 1026, 19),
(27, 1027, 19),
(28, 1028, 19),
(29, 1029, 19),
(30, 1030, 19),
(31, 1031, 19),
(32, 1032, 19),
(33, 1033, 19),
(34, 1034, 19),
(35, 1035, 19),
(36, 1036, 19),
(37, 1037, 19),
(38, 1038, 19),
(39, 1039, 19),
(40, 1040, 19),
(41, 1041, 19),
(42, 1042, 19),
(43, 1043, 19),
(44, 1044, 19),
(45, 1045, 19),
(46, 1046, 19),
(47, 1047, 19),
(48, 1048, 19),
(49, 1049, 19),
(50, 1050, 19),
(51, 1051, 19),
(52, 1052, 19),
(53, 1053, 19),
(54, 1054, 19),
(55, 1055, 19),
(56, 1056, 19),
(57, 1057, 19),
(58, 1058, 19),
(59, 1059, 19),
(60, 1060, 19),
(61, 1061, 19),
(62, 1062, 19),
(63, 1063, 19),
(64, 1064, 19),
(65, 1065, 19),
(66, 1066, 19),
(67, 1067, 19),
(68, 1068, 19),
(69, 1069, 19),
(70, 1070, 19),
(71, 1071, 19),
(72, 1072, 19),
(73, 1073, 19),
(74, 1074, 19),
(75, 1075, 19),
(76, 1076, 19),
(77, 1077, 19),
(78, 1078, 19),
(79, 1079, 19),
(80, 1080, 19),
(81, 1081, 19),
(82, 1082, 19),
(83, 1083, 19),
(84, 1084, 19),
(85, 1085, 19),
(86, 1086, 19),
(87, 1087, 19),
(88, 1088, 19),
(89, 1089, 19),
(90, 1090, 19),
(91, 1091, 19),
(92, 1092, 19),
(93, 1093, 19),
(94, 1094, 19),
(95, 1095, 19),
(96, 1096, 19),
(97, 1097, 19),
(98, 1098, 19),
(99, 1099, 19),
(100, 1100, 19);

-- --------------------------------------------------------

--
-- Структура таблицы `loyality_points`
--

CREATE TABLE `loyality_points` (
  `id` int(11) NOT NULL,
  `min_value` float NOT NULL,
  `max_value` float NOT NULL,
  `prize_id` int(11) NOT NULL
) ENGINE=InnoDB DEFAULT CHARSET=utf8;

--
-- Дамп данных таблицы `loyality_points`
--

INSERT INTO `loyality_points` (`id`, `min_value`, `max_value`, `prize_id`) VALUES
(7, 10, 20, 21);

-- --------------------------------------------------------

--
-- Структура таблицы `money`
--

CREATE TABLE `money` (
  `id` int(11) NOT NULL,
  `prize_id` int(11) NOT NULL,
  `min_value` float DEFAULT '1',
  `max_value` float DEFAULT '10',
  `summ` float NOT NULL,
  `coefficient` float NOT NULL
) ENGINE=InnoDB DEFAULT CHARSET=utf8;

--
-- Дамп данных таблицы `money`
--

INSERT INTO `money` (`id`, `prize_id`, `min_value`, `max_value`, `summ`, `coefficient`) VALUES
(7, 20, 1, 10, 1699, 2);

-- --------------------------------------------------------

--
-- Структура таблицы `prizes`
--

CREATE TABLE `prizes` (
  `id` int(11) NOT NULL,
  `stock_id` int(11) NOT NULL,
  `name` varchar(255) DEFAULT NULL,
  `target_table` enum('items','money','loyality_points') DEFAULT NULL,
  `isActive` tinyint(1) DEFAULT '1',
  `dt` timestamp NOT NULL DEFAULT CURRENT_TIMESTAMP
) ENGINE=InnoDB DEFAULT CHARSET=utf8;

--
-- Дамп данных таблицы `prizes`
--

INSERT INTO `prizes` (`id`, `stock_id`, `name`, `target_table`, `isActive`, `dt`) VALUES
(19, 9, 'Предметы', 'items', 1, '2020-05-29 10:18:35'),
(20, 9, 'Деньги', 'money', 1, '2020-05-29 10:18:36'),
(21, 9, 'Баллы лояльности', 'loyality_points', 1, '2020-05-29 10:18:36');

-- --------------------------------------------------------

--
-- Структура таблицы `stocks`
--

CREATE TABLE `stocks` (
  `id` int(11) NOT NULL,
  `name` varchar(255) DEFAULT NULL,
  `description` text,
  `isActive` tinyint(1) DEFAULT '1',
  `dt` timestamp NOT NULL DEFAULT CURRENT_TIMESTAMP
) ENGINE=InnoDB DEFAULT CHARSET=utf8;

--
-- Дамп данных таблицы `stocks`
--

INSERT INTO `stocks` (`id`, `name`, `description`, `isActive`, `dt`) VALUES
(9, 'Выигрывай деньги приз или же балы лояльности до 6 июня!!', 'Выигрывай деньги приз или же балы лояльности до 6 июня!!', 1, '2020-05-29 10:18:35');

-- --------------------------------------------------------

--
-- Структура таблицы `users`
--

CREATE TABLE `users` (
  `id` int(11) NOT NULL,
  `fio` varchar(50) NOT NULL,
  `login` varchar(20) DEFAULT NULL,
  `password` varchar(255) NOT NULL,
  `isActive` tinyint(1) DEFAULT '1',
  `postcode` int(6) NOT NULL,
  `yandex_money` int(15) DEFAULT NULL,
  `phone` varchar(15) NOT NULL,
  `address` varchar(255) DEFAULT NULL,
  `dt` timestamp NOT NULL DEFAULT CURRENT_TIMESTAMP
) ENGINE=InnoDB DEFAULT CHARSET=utf8;

--
-- Дамп данных таблицы `users`
--

INSERT INTO `users` (`id`, `fio`, `login`, `password`, `isActive`, `postcode`, `yandex_money`, `phone`, `address`, `dt`) VALUES
(4997, 'Пользователь 1', 'user1', '7c4a8d09ca3762af61e59520943dc26494f8941b', 1, 111111, NULL, '71113223', NULL, '2020-05-29 10:18:26'),
(4998, 'Пользователь 2', 'user2', '7c4a8d09ca3762af61e59520943dc26494f8941b', 1, 222202, NULL, '72223223', NULL, '2020-05-29 10:18:26'),
(4999, 'Пользователь 3', 'user3', '7c4a8d09ca3762af61e59520943dc26494f8941b', 1, 333013, NULL, '73333223', NULL, '2020-05-29 10:18:26'),
(5000, 'Пользователь 4', 'user4', '7c4a8d09ca3762af61e59520943dc26494f8941b', 1, 404104, NULL, '74443223', NULL, '2020-05-29 10:18:26'),
(5001, 'Пользователь 5', 'user5', '7c4a8d09ca3762af61e59520943dc26494f8941b', 1, 515215, NULL, '70553223', NULL, '2020-05-29 10:18:26'),
(5002, 'Пользователь 6', 'user6', '7c4a8d09ca3762af61e59520943dc26494f8941b', 1, 26006, NULL, '71663223', NULL, '2020-05-29 10:18:26'),
(5003, 'Пользователь 7', 'user7', '7c4a8d09ca3762af61e59520943dc26494f8941b', 1, 137117, NULL, '72773223', NULL, '2020-05-29 10:18:26'),
(5004, 'Пользователь 8', 'user8', '7c4a8d09ca3762af61e59520943dc26494f8941b', 1, 208208, NULL, '73083223', NULL, '2020-05-29 10:18:26'),
(5005, 'Пользователь 9', 'user9', '7c4a8d09ca3762af61e59520943dc26494f8941b', 1, 310010, NULL, '74103223', NULL, '2020-05-29 10:18:26'),
(5006, 'Пользователь 10', 'user10', '7c4a8d09ca3762af61e59520943dc26494f8941b', 1, 421101, NULL, '70213223', NULL, '2020-05-29 10:18:26'),
(5007, 'Пользователь 11', 'user11', '7c4a8d09ca3762af61e59520943dc26494f8941b', 1, 532212, NULL, '71323223', NULL, '2020-05-29 10:18:26'),
(5008, 'Пользователь 12', 'user12', '7c4a8d09ca3762af61e59520943dc26494f8941b', 1, 3003, NULL, '72433223', NULL, '2020-05-29 10:18:26'),
(5009, 'Пользователь 13', 'user13', '7c4a8d09ca3762af61e59520943dc26494f8941b', 1, 114114, NULL, '73543223', NULL, '2020-05-29 10:18:26'),
(5010, 'Пользователь 14', 'user14', '7c4a8d09ca3762af61e59520943dc26494f8941b', 1, 225205, NULL, '74653223', NULL, '2020-05-29 10:18:26'),
(5011, 'Пользователь 15', 'user15', '7c4a8d09ca3762af61e59520943dc26494f8941b', 1, 336016, NULL, '70763223', NULL, '2020-05-29 10:18:26'),
(5012, 'Пользователь 16', 'user16', '7c4a8d09ca3762af61e59520943dc26494f8941b', 1, 407107, NULL, '71073223', NULL, '2020-05-29 10:18:26'),
(5013, 'Пользователь 17', 'user17', '7c4a8d09ca3762af61e59520943dc26494f8941b', 1, 518218, NULL, '72183223', NULL, '2020-05-29 10:18:26'),
(5014, 'Пользователь 18', 'user18', '7c4a8d09ca3762af61e59520943dc26494f8941b', 1, 20000, NULL, '73203223', NULL, '2020-05-29 10:18:26'),
(5015, 'Пользователь 19', 'user19', '7c4a8d09ca3762af61e59520943dc26494f8941b', 1, 131111, NULL, '74313223', NULL, '2020-05-29 10:18:26'),
(5016, 'Пользователь 20', 'user20', '7c4a8d09ca3762af61e59520943dc26494f8941b', 1, 202202, NULL, '70423223', NULL, '2020-05-29 10:18:26'),
(5017, 'Пользователь 21', 'user21', '7c4a8d09ca3762af61e59520943dc26494f8941b', 1, 313013, NULL, '71533223', NULL, '2020-05-29 10:18:26'),
(5018, 'Пользователь 22', 'user22', '7c4a8d09ca3762af61e59520943dc26494f8941b', 1, 424104, NULL, '72643223', NULL, '2020-05-29 10:18:26'),
(5019, 'Пользователь 23', 'user23', '7c4a8d09ca3762af61e59520943dc26494f8941b', 1, 535215, NULL, '73753223', NULL, '2020-05-29 10:18:26'),
(5020, 'Пользователь 24', 'user24', '7c4a8d09ca3762af61e59520943dc26494f8941b', 1, 6006, NULL, '74063223', NULL, '2020-05-29 10:18:26'),
(5021, 'Пользователь 25', 'user25', '7c4a8d09ca3762af61e59520943dc26494f8941b', 1, 117117, NULL, '70173223', NULL, '2020-05-29 10:18:26'),
(5022, 'Пользователь 26', 'user26', '7c4a8d09ca3762af61e59520943dc26494f8941b', 1, 228208, NULL, '71283223', NULL, '2020-05-29 10:18:26'),
(5023, 'Пользователь 27', 'user27', '7c4a8d09ca3762af61e59520943dc26494f8941b', 1, 330010, NULL, '72303223', NULL, '2020-05-29 10:18:26'),
(5024, 'Пользователь 28', 'user28', '7c4a8d09ca3762af61e59520943dc26494f8941b', 1, 401101, NULL, '73413223', NULL, '2020-05-29 10:18:26'),
(5025, 'Пользователь 29', 'user29', '7c4a8d09ca3762af61e59520943dc26494f8941b', 1, 512212, NULL, '74523223', NULL, '2020-05-29 10:18:26'),
(5026, 'Пользователь 30', 'user30', '7c4a8d09ca3762af61e59520943dc26494f8941b', 1, 23003, NULL, '70633223', NULL, '2020-05-29 10:18:26'),
(5027, 'Пользователь 31', 'user31', '7c4a8d09ca3762af61e59520943dc26494f8941b', 1, 134114, NULL, '71743223', NULL, '2020-05-29 10:18:26'),
(5028, 'Пользователь 32', 'user32', '7c4a8d09ca3762af61e59520943dc26494f8941b', 1, 205205, NULL, '72053223', NULL, '2020-05-29 10:18:26'),
(5029, 'Пользователь 33', 'user33', '7c4a8d09ca3762af61e59520943dc26494f8941b', 1, 316016, NULL, '73163223', NULL, '2020-05-29 10:18:26'),
(5030, 'Пользователь 34', 'user34', '7c4a8d09ca3762af61e59520943dc26494f8941b', 1, 427107, NULL, '74273223', NULL, '2020-05-29 10:18:26'),
(5031, 'Пользователь 35', 'user35', '7c4a8d09ca3762af61e59520943dc26494f8941b', 1, 538218, NULL, '70383223', NULL, '2020-05-29 10:18:26'),
(5032, 'Пользователь 36', 'user36', '7c4a8d09ca3762af61e59520943dc26494f8941b', 1, 0, NULL, '71403223', NULL, '2020-05-29 10:18:26'),
(5033, 'Пользователь 37', 'user37', '7c4a8d09ca3762af61e59520943dc26494f8941b', 1, 111111, NULL, '72513223', NULL, '2020-05-29 10:18:26'),
(5034, 'Пользователь 38', 'user38', '7c4a8d09ca3762af61e59520943dc26494f8941b', 1, 222202, NULL, '73623223', NULL, '2020-05-29 10:18:26'),
(5035, 'Пользователь 39', 'user39', '7c4a8d09ca3762af61e59520943dc26494f8941b', 1, 333013, NULL, '74733223', NULL, '2020-05-29 10:18:26'),
(5036, 'Пользователь 40', 'user40', '7c4a8d09ca3762af61e59520943dc26494f8941b', 1, 404104, NULL, '70043223', NULL, '2020-05-29 10:18:26'),
(5037, 'Пользователь 41', 'user41', '7c4a8d09ca3762af61e59520943dc26494f8941b', 1, 515215, NULL, '71153223', NULL, '2020-05-29 10:18:26'),
(5038, 'Пользователь 42', 'user42', '7c4a8d09ca3762af61e59520943dc26494f8941b', 1, 26006, NULL, '72263223', NULL, '2020-05-29 10:18:26'),
(5039, 'Пользователь 43', 'user43', '7c4a8d09ca3762af61e59520943dc26494f8941b', 1, 137117, NULL, '73373223', NULL, '2020-05-29 10:18:26'),
(5040, 'Пользователь 44', 'user44', '7c4a8d09ca3762af61e59520943dc26494f8941b', 1, 208208, NULL, '74483223', NULL, '2020-05-29 10:18:26'),
(5041, 'Пользователь 45', 'user45', '7c4a8d09ca3762af61e59520943dc26494f8941b', 1, 310010, NULL, '70503223', NULL, '2020-05-29 10:18:26'),
(5042, 'Пользователь 46', 'user46', '7c4a8d09ca3762af61e59520943dc26494f8941b', 1, 421101, NULL, '71613223', NULL, '2020-05-29 10:18:26'),
(5043, 'Пользователь 47', 'user47', '7c4a8d09ca3762af61e59520943dc26494f8941b', 1, 532212, NULL, '72723223', NULL, '2020-05-29 10:18:26'),
(5044, 'Пользователь 48', 'user48', '7c4a8d09ca3762af61e59520943dc26494f8941b', 1, 3003, NULL, '73033223', NULL, '2020-05-29 10:18:26'),
(5045, 'Пользователь 49', 'user49', '7c4a8d09ca3762af61e59520943dc26494f8941b', 1, 114114, NULL, '74143223', NULL, '2020-05-29 10:18:26'),
(5046, 'Пользователь 50', 'user50', '7c4a8d09ca3762af61e59520943dc26494f8941b', 1, 225205, NULL, '70253223', NULL, '2020-05-29 10:18:26'),
(5047, 'Пользователь 51', 'user51', '7c4a8d09ca3762af61e59520943dc26494f8941b', 1, 336016, NULL, '71363223', NULL, '2020-05-29 10:18:26'),
(5048, 'Пользователь 52', 'user52', '7c4a8d09ca3762af61e59520943dc26494f8941b', 1, 407107, NULL, '72473223', NULL, '2020-05-29 10:18:26'),
(5049, 'Пользователь 53', 'user53', '7c4a8d09ca3762af61e59520943dc26494f8941b', 1, 518218, NULL, '73583223', NULL, '2020-05-29 10:18:26'),
(5050, 'Пользователь 54', 'user54', '7c4a8d09ca3762af61e59520943dc26494f8941b', 1, 20000, NULL, '74603223', NULL, '2020-05-29 10:18:26'),
(5051, 'Пользователь 55', 'user55', '7c4a8d09ca3762af61e59520943dc26494f8941b', 1, 131111, NULL, '70713223', NULL, '2020-05-29 10:18:26'),
(5052, 'Пользователь 56', 'user56', '7c4a8d09ca3762af61e59520943dc26494f8941b', 1, 202202, NULL, '71023223', NULL, '2020-05-29 10:18:26'),
(5053, 'Пользователь 57', 'user57', '7c4a8d09ca3762af61e59520943dc26494f8941b', 1, 313013, NULL, '72133223', NULL, '2020-05-29 10:18:26'),
(5054, 'Пользователь 58', 'user58', '7c4a8d09ca3762af61e59520943dc26494f8941b', 1, 424104, NULL, '73243223', NULL, '2020-05-29 10:18:26'),
(5055, 'Пользователь 59', 'user59', '7c4a8d09ca3762af61e59520943dc26494f8941b', 1, 535215, NULL, '74353223', NULL, '2020-05-29 10:18:26'),
(5056, 'Пользователь 60', 'user60', '7c4a8d09ca3762af61e59520943dc26494f8941b', 1, 6006, NULL, '70463223', NULL, '2020-05-29 10:18:26'),
(5057, 'Пользователь 61', 'user61', '7c4a8d09ca3762af61e59520943dc26494f8941b', 1, 117117, NULL, '71573223', NULL, '2020-05-29 10:18:26'),
(5058, 'Пользователь 62', 'user62', '7c4a8d09ca3762af61e59520943dc26494f8941b', 1, 228208, NULL, '72683223', NULL, '2020-05-29 10:18:26'),
(5059, 'Пользователь 63', 'user63', '7c4a8d09ca3762af61e59520943dc26494f8941b', 1, 330010, NULL, '73703223', NULL, '2020-05-29 10:18:26'),
(5060, 'Пользователь 64', 'user64', '7c4a8d09ca3762af61e59520943dc26494f8941b', 1, 401101, NULL, '74013223', NULL, '2020-05-29 10:18:26'),
(5061, 'Пользователь 65', 'user65', '7c4a8d09ca3762af61e59520943dc26494f8941b', 1, 512212, NULL, '70123223', NULL, '2020-05-29 10:18:26'),
(5062, 'Пользователь 66', 'user66', '7c4a8d09ca3762af61e59520943dc26494f8941b', 1, 23003, NULL, '71233223', NULL, '2020-05-29 10:18:26'),
(5063, 'Пользователь 67', 'user67', '7c4a8d09ca3762af61e59520943dc26494f8941b', 1, 134114, NULL, '72343223', NULL, '2020-05-29 10:18:26'),
(5064, 'Пользователь 68', 'user68', '7c4a8d09ca3762af61e59520943dc26494f8941b', 1, 205205, NULL, '73453223', NULL, '2020-05-29 10:18:26'),
(5065, 'Пользователь 69', 'user69', '7c4a8d09ca3762af61e59520943dc26494f8941b', 1, 316016, NULL, '74563223', NULL, '2020-05-29 10:18:26'),
(5066, 'Пользователь 70', 'user70', '7c4a8d09ca3762af61e59520943dc26494f8941b', 1, 427107, NULL, '70673223', NULL, '2020-05-29 10:18:26'),
(5067, 'Пользователь 71', 'user71', '7c4a8d09ca3762af61e59520943dc26494f8941b', 1, 538218, NULL, '71783223', NULL, '2020-05-29 10:18:26'),
(5068, 'Пользователь 72', 'user72', '7c4a8d09ca3762af61e59520943dc26494f8941b', 1, 0, NULL, '72003223', NULL, '2020-05-29 10:18:26'),
(5069, 'Пользователь 73', 'user73', '7c4a8d09ca3762af61e59520943dc26494f8941b', 1, 111111, NULL, '73113223', NULL, '2020-05-29 10:18:26'),
(5070, 'Пользователь 74', 'user74', '7c4a8d09ca3762af61e59520943dc26494f8941b', 1, 222202, NULL, '74223223', NULL, '2020-05-29 10:18:26'),
(5071, 'Пользователь 75', 'user75', '7c4a8d09ca3762af61e59520943dc26494f8941b', 1, 333013, NULL, '70333223', NULL, '2020-05-29 10:18:26'),
(5072, 'Пользователь 76', 'user76', '7c4a8d09ca3762af61e59520943dc26494f8941b', 1, 404104, NULL, '71443223', NULL, '2020-05-29 10:18:26'),
(5073, 'Пользователь 77', 'user77', '7c4a8d09ca3762af61e59520943dc26494f8941b', 1, 515215, NULL, '72553223', NULL, '2020-05-29 10:18:26'),
(5074, 'Пользователь 78', 'user78', '7c4a8d09ca3762af61e59520943dc26494f8941b', 1, 26006, NULL, '73663223', NULL, '2020-05-29 10:18:26'),
(5075, 'Пользователь 79', 'user79', '7c4a8d09ca3762af61e59520943dc26494f8941b', 1, 137117, NULL, '74773223', NULL, '2020-05-29 10:18:27'),
(5076, 'Пользователь 80', 'user80', '7c4a8d09ca3762af61e59520943dc26494f8941b', 1, 208208, NULL, '70083223', NULL, '2020-05-29 10:18:27'),
(5077, 'Пользователь 81', 'user81', '7c4a8d09ca3762af61e59520943dc26494f8941b', 1, 310010, NULL, '71103223', NULL, '2020-05-29 10:18:27'),
(5078, 'Пользователь 82', 'user82', '7c4a8d09ca3762af61e59520943dc26494f8941b', 1, 421101, NULL, '72213223', NULL, '2020-05-29 10:18:27'),
(5079, 'Пользователь 83', 'user83', '7c4a8d09ca3762af61e59520943dc26494f8941b', 1, 532212, NULL, '73323223', NULL, '2020-05-29 10:18:27'),
(5080, 'Пользователь 84', 'user84', '7c4a8d09ca3762af61e59520943dc26494f8941b', 1, 3003, NULL, '74433223', NULL, '2020-05-29 10:18:27'),
(5081, 'Пользователь 85', 'user85', '7c4a8d09ca3762af61e59520943dc26494f8941b', 1, 114114, NULL, '70543223', NULL, '2020-05-29 10:18:27'),
(5082, 'Пользователь 86', 'user86', '7c4a8d09ca3762af61e59520943dc26494f8941b', 1, 225205, NULL, '71653223', NULL, '2020-05-29 10:18:27'),
(5083, 'Пользователь 87', 'user87', '7c4a8d09ca3762af61e59520943dc26494f8941b', 1, 336016, NULL, '72763223', NULL, '2020-05-29 10:18:27'),
(5084, 'Пользователь 88', 'user88', '7c4a8d09ca3762af61e59520943dc26494f8941b', 1, 407107, NULL, '73073223', NULL, '2020-05-29 10:18:27'),
(5085, 'Пользователь 89', 'user89', '7c4a8d09ca3762af61e59520943dc26494f8941b', 1, 518218, NULL, '74183223', NULL, '2020-05-29 10:18:27'),
(5086, 'Пользователь 90', 'user90', '7c4a8d09ca3762af61e59520943dc26494f8941b', 1, 20000, NULL, '70203223', NULL, '2020-05-29 10:18:27'),
(5087, 'Пользователь 91', 'user91', '7c4a8d09ca3762af61e59520943dc26494f8941b', 1, 131111, NULL, '71313223', NULL, '2020-05-29 10:18:27'),
(5088, 'Пользователь 92', 'user92', '7c4a8d09ca3762af61e59520943dc26494f8941b', 1, 202202, NULL, '72423223', NULL, '2020-05-29 10:18:27'),
(5089, 'Пользователь 93', 'user93', '7c4a8d09ca3762af61e59520943dc26494f8941b', 1, 313013, NULL, '73533223', NULL, '2020-05-29 10:18:27'),
(5090, 'Пользователь 94', 'user94', '7c4a8d09ca3762af61e59520943dc26494f8941b', 1, 424104, NULL, '74643223', NULL, '2020-05-29 10:18:27'),
(5091, 'Пользователь 95', 'user95', '7c4a8d09ca3762af61e59520943dc26494f8941b', 1, 535215, NULL, '70753223', NULL, '2020-05-29 10:18:27'),
(5092, 'Пользователь 96', 'user96', '7c4a8d09ca3762af61e59520943dc26494f8941b', 1, 6006, NULL, '71063223', NULL, '2020-05-29 10:18:27'),
(5093, 'Пользователь 97', 'user97', '7c4a8d09ca3762af61e59520943dc26494f8941b', 1, 117117, NULL, '72173223', NULL, '2020-05-29 10:18:27'),
(5094, 'Пользователь 98', 'user98', '7c4a8d09ca3762af61e59520943dc26494f8941b', 1, 228208, NULL, '73283223', NULL, '2020-05-29 10:18:27'),
(5095, 'Пользователь 99', 'user99', '7c4a8d09ca3762af61e59520943dc26494f8941b', 1, 330010, NULL, '74303223', NULL, '2020-05-29 10:18:27'),
(5096, 'Пользователь 100', 'user100', '7c4a8d09ca3762af61e59520943dc26494f8941b', 1, 401101, NULL, '70413223', NULL, '2020-05-29 10:18:27'),
(5097, 'Пользователь 101', 'user101', '7c4a8d09ca3762af61e59520943dc26494f8941b', 1, 512212, NULL, '71523223', NULL, '2020-05-29 10:18:27'),
(5098, 'Пользователь 102', 'user102', '7c4a8d09ca3762af61e59520943dc26494f8941b', 1, 23003, NULL, '72633223', NULL, '2020-05-29 10:18:27'),
(5099, 'Пользователь 103', 'user103', '7c4a8d09ca3762af61e59520943dc26494f8941b', 1, 134114, NULL, '73743223', NULL, '2020-05-29 10:18:27'),
(5100, 'Пользователь 104', 'user104', '7c4a8d09ca3762af61e59520943dc26494f8941b', 1, 205205, NULL, '74053223', NULL, '2020-05-29 10:18:27'),
(5101, 'Пользователь 105', 'user105', '7c4a8d09ca3762af61e59520943dc26494f8941b', 1, 316016, NULL, '70163223', NULL, '2020-05-29 10:18:27'),
(5102, 'Пользователь 106', 'user106', '7c4a8d09ca3762af61e59520943dc26494f8941b', 1, 427107, NULL, '71273223', NULL, '2020-05-29 10:18:27'),
(5103, 'Пользователь 107', 'user107', '7c4a8d09ca3762af61e59520943dc26494f8941b', 1, 538218, NULL, '72383223', NULL, '2020-05-29 10:18:27'),
(5104, 'Пользователь 108', 'user108', '7c4a8d09ca3762af61e59520943dc26494f8941b', 1, 0, NULL, '73403223', NULL, '2020-05-29 10:18:27'),
(5105, 'Пользователь 109', 'user109', '7c4a8d09ca3762af61e59520943dc26494f8941b', 1, 111111, NULL, '74513223', NULL, '2020-05-29 10:18:27'),
(5106, 'Пользователь 110', 'user110', '7c4a8d09ca3762af61e59520943dc26494f8941b', 1, 222202, NULL, '70623223', NULL, '2020-05-29 10:18:27'),
(5107, 'Пользователь 111', 'user111', '7c4a8d09ca3762af61e59520943dc26494f8941b', 1, 333013, NULL, '71733223', NULL, '2020-05-29 10:18:27'),
(5108, 'Пользователь 112', 'user112', '7c4a8d09ca3762af61e59520943dc26494f8941b', 1, 404104, NULL, '72043223', NULL, '2020-05-29 10:18:27'),
(5109, 'Пользователь 113', 'user113', '7c4a8d09ca3762af61e59520943dc26494f8941b', 1, 515215, NULL, '73153223', NULL, '2020-05-29 10:18:27'),
(5110, 'Пользователь 114', 'user114', '7c4a8d09ca3762af61e59520943dc26494f8941b', 1, 26006, NULL, '74263223', NULL, '2020-05-29 10:18:27'),
(5111, 'Пользователь 115', 'user115', '7c4a8d09ca3762af61e59520943dc26494f8941b', 1, 137117, NULL, '70373223', NULL, '2020-05-29 10:18:27'),
(5112, 'Пользователь 116', 'user116', '7c4a8d09ca3762af61e59520943dc26494f8941b', 1, 208208, NULL, '71483223', NULL, '2020-05-29 10:18:27'),
(5113, 'Пользователь 117', 'user117', '7c4a8d09ca3762af61e59520943dc26494f8941b', 1, 310010, NULL, '72503223', NULL, '2020-05-29 10:18:27'),
(5114, 'Пользователь 118', 'user118', '7c4a8d09ca3762af61e59520943dc26494f8941b', 1, 421101, NULL, '73613223', NULL, '2020-05-29 10:18:27'),
(5115, 'Пользователь 119', 'user119', '7c4a8d09ca3762af61e59520943dc26494f8941b', 1, 532212, NULL, '74723223', NULL, '2020-05-29 10:18:27'),
(5116, 'Пользователь 120', 'user120', '7c4a8d09ca3762af61e59520943dc26494f8941b', 1, 3003, NULL, '70033223', NULL, '2020-05-29 10:18:27'),
(5117, 'Пользователь 121', 'user121', '7c4a8d09ca3762af61e59520943dc26494f8941b', 1, 114114, NULL, '71143223', NULL, '2020-05-29 10:18:27'),
(5118, 'Пользователь 122', 'user122', '7c4a8d09ca3762af61e59520943dc26494f8941b', 1, 225205, NULL, '72253223', NULL, '2020-05-29 10:18:27'),
(5119, 'Пользователь 123', 'user123', '7c4a8d09ca3762af61e59520943dc26494f8941b', 1, 336016, NULL, '73363223', NULL, '2020-05-29 10:18:27'),
(5120, 'Пользователь 124', 'user124', '7c4a8d09ca3762af61e59520943dc26494f8941b', 1, 407107, NULL, '74473223', NULL, '2020-05-29 10:18:27'),
(5121, 'Пользователь 125', 'user125', '7c4a8d09ca3762af61e59520943dc26494f8941b', 1, 518218, NULL, '70583223', NULL, '2020-05-29 10:18:27'),
(5122, 'Пользователь 126', 'user126', '7c4a8d09ca3762af61e59520943dc26494f8941b', 1, 20000, NULL, '71603223', NULL, '2020-05-29 10:18:27'),
(5123, 'Пользователь 127', 'user127', '7c4a8d09ca3762af61e59520943dc26494f8941b', 1, 131111, NULL, '72713223', NULL, '2020-05-29 10:18:27'),
(5124, 'Пользователь 128', 'user128', '7c4a8d09ca3762af61e59520943dc26494f8941b', 1, 202202, NULL, '73023223', NULL, '2020-05-29 10:18:27'),
(5125, 'Пользователь 129', 'user129', '7c4a8d09ca3762af61e59520943dc26494f8941b', 1, 313013, NULL, '74133223', NULL, '2020-05-29 10:18:27'),
(5126, 'Пользователь 130', 'user130', '7c4a8d09ca3762af61e59520943dc26494f8941b', 1, 424104, NULL, '70243223', NULL, '2020-05-29 10:18:27'),
(5127, 'Пользователь 131', 'user131', '7c4a8d09ca3762af61e59520943dc26494f8941b', 1, 535215, NULL, '71353223', NULL, '2020-05-29 10:18:27'),
(5128, 'Пользователь 132', 'user132', '7c4a8d09ca3762af61e59520943dc26494f8941b', 1, 6006, NULL, '72463223', NULL, '2020-05-29 10:18:27'),
(5129, 'Пользователь 133', 'user133', '7c4a8d09ca3762af61e59520943dc26494f8941b', 1, 117117, NULL, '73573223', NULL, '2020-05-29 10:18:27'),
(5130, 'Пользователь 134', 'user134', '7c4a8d09ca3762af61e59520943dc26494f8941b', 1, 228208, NULL, '74683223', NULL, '2020-05-29 10:18:27'),
(5131, 'Пользователь 135', 'user135', '7c4a8d09ca3762af61e59520943dc26494f8941b', 1, 330010, NULL, '70703223', NULL, '2020-05-29 10:18:27'),
(5132, 'Пользователь 136', 'user136', '7c4a8d09ca3762af61e59520943dc26494f8941b', 1, 401101, NULL, '71013223', NULL, '2020-05-29 10:18:27'),
(5133, 'Пользователь 137', 'user137', '7c4a8d09ca3762af61e59520943dc26494f8941b', 1, 512212, NULL, '72123223', NULL, '2020-05-29 10:18:27'),
(5134, 'Пользователь 138', 'user138', '7c4a8d09ca3762af61e59520943dc26494f8941b', 1, 23003, NULL, '73233223', NULL, '2020-05-29 10:18:27'),
(5135, 'Пользователь 139', 'user139', '7c4a8d09ca3762af61e59520943dc26494f8941b', 1, 134114, NULL, '74343223', NULL, '2020-05-29 10:18:27'),
(5136, 'Пользователь 140', 'user140', '7c4a8d09ca3762af61e59520943dc26494f8941b', 1, 205205, NULL, '70453223', NULL, '2020-05-29 10:18:27'),
(5137, 'Пользователь 141', 'user141', '7c4a8d09ca3762af61e59520943dc26494f8941b', 1, 316016, NULL, '71563223', NULL, '2020-05-29 10:18:27'),
(5138, 'Пользователь 142', 'user142', '7c4a8d09ca3762af61e59520943dc26494f8941b', 1, 427107, NULL, '72673223', NULL, '2020-05-29 10:18:27'),
(5139, 'Пользователь 143', 'user143', '7c4a8d09ca3762af61e59520943dc26494f8941b', 1, 538218, NULL, '73783223', NULL, '2020-05-29 10:18:27'),
(5140, 'Пользователь 144', 'user144', '7c4a8d09ca3762af61e59520943dc26494f8941b', 1, 0, NULL, '74003223', NULL, '2020-05-29 10:18:27'),
(5141, 'Пользователь 145', 'user145', '7c4a8d09ca3762af61e59520943dc26494f8941b', 1, 111111, NULL, '70113223', NULL, '2020-05-29 10:18:27'),
(5142, 'Пользователь 146', 'user146', '7c4a8d09ca3762af61e59520943dc26494f8941b', 1, 222202, NULL, '71223223', NULL, '2020-05-29 10:18:27'),
(5143, 'Пользователь 147', 'user147', '7c4a8d09ca3762af61e59520943dc26494f8941b', 1, 333013, NULL, '72333223', NULL, '2020-05-29 10:18:27'),
(5144, 'Пользователь 148', 'user148', '7c4a8d09ca3762af61e59520943dc26494f8941b', 1, 404104, NULL, '73443223', NULL, '2020-05-29 10:18:27'),
(5145, 'Пользователь 149', 'user149', '7c4a8d09ca3762af61e59520943dc26494f8941b', 1, 515215, NULL, '74553223', NULL, '2020-05-29 10:18:27'),
(5146, 'Пользователь 150', 'user150', '7c4a8d09ca3762af61e59520943dc26494f8941b', 1, 26006, NULL, '70663223', NULL, '2020-05-29 10:18:27'),
(5147, 'Пользователь 151', 'user151', '7c4a8d09ca3762af61e59520943dc26494f8941b', 1, 137117, NULL, '71773223', NULL, '2020-05-29 10:18:27'),
(5148, 'Пользователь 152', 'user152', '7c4a8d09ca3762af61e59520943dc26494f8941b', 1, 208208, NULL, '72083223', NULL, '2020-05-29 10:18:27'),
(5149, 'Пользователь 153', 'user153', '7c4a8d09ca3762af61e59520943dc26494f8941b', 1, 310010, NULL, '73103223', NULL, '2020-05-29 10:18:27'),
(5150, 'Пользователь 154', 'user154', '7c4a8d09ca3762af61e59520943dc26494f8941b', 1, 421101, NULL, '74213223', NULL, '2020-05-29 10:18:27'),
(5151, 'Пользователь 155', 'user155', '7c4a8d09ca3762af61e59520943dc26494f8941b', 1, 532212, NULL, '70323223', NULL, '2020-05-29 10:18:27'),
(5152, 'Пользователь 156', 'user156', '7c4a8d09ca3762af61e59520943dc26494f8941b', 1, 3003, NULL, '71433223', NULL, '2020-05-29 10:18:27'),
(5153, 'Пользователь 157', 'user157', '7c4a8d09ca3762af61e59520943dc26494f8941b', 1, 114114, NULL, '72543223', NULL, '2020-05-29 10:18:27'),
(5154, 'Пользователь 158', 'user158', '7c4a8d09ca3762af61e59520943dc26494f8941b', 1, 225205, NULL, '73653223', NULL, '2020-05-29 10:18:27'),
(5155, 'Пользователь 159', 'user159', '7c4a8d09ca3762af61e59520943dc26494f8941b', 1, 336016, NULL, '74763223', NULL, '2020-05-29 10:18:27'),
(5156, 'Пользователь 160', 'user160', '7c4a8d09ca3762af61e59520943dc26494f8941b', 1, 407107, NULL, '70073223', NULL, '2020-05-29 10:18:27'),
(5157, 'Пользователь 161', 'user161', '7c4a8d09ca3762af61e59520943dc26494f8941b', 1, 518218, NULL, '71183223', NULL, '2020-05-29 10:18:27'),
(5158, 'Пользователь 162', 'user162', '7c4a8d09ca3762af61e59520943dc26494f8941b', 1, 20000, NULL, '72203223', NULL, '2020-05-29 10:18:27'),
(5159, 'Пользователь 163', 'user163', '7c4a8d09ca3762af61e59520943dc26494f8941b', 1, 131111, NULL, '73313223', NULL, '2020-05-29 10:18:27'),
(5160, 'Пользователь 164', 'user164', '7c4a8d09ca3762af61e59520943dc26494f8941b', 1, 202202, NULL, '74423223', NULL, '2020-05-29 10:18:27'),
(5161, 'Пользователь 165', 'user165', '7c4a8d09ca3762af61e59520943dc26494f8941b', 1, 313013, NULL, '70533223', NULL, '2020-05-29 10:18:27'),
(5162, 'Пользователь 166', 'user166', '7c4a8d09ca3762af61e59520943dc26494f8941b', 1, 424104, NULL, '71643223', NULL, '2020-05-29 10:18:27'),
(5163, 'Пользователь 167', 'user167', '7c4a8d09ca3762af61e59520943dc26494f8941b', 1, 535215, NULL, '72753223', NULL, '2020-05-29 10:18:27'),
(5164, 'Пользователь 168', 'user168', '7c4a8d09ca3762af61e59520943dc26494f8941b', 1, 6006, NULL, '73063223', NULL, '2020-05-29 10:18:27'),
(5165, 'Пользователь 169', 'user169', '7c4a8d09ca3762af61e59520943dc26494f8941b', 1, 117117, NULL, '74173223', NULL, '2020-05-29 10:18:27'),
(5166, 'Пользователь 170', 'user170', '7c4a8d09ca3762af61e59520943dc26494f8941b', 1, 228208, NULL, '70283223', NULL, '2020-05-29 10:18:27'),
(5167, 'Пользователь 171', 'user171', '7c4a8d09ca3762af61e59520943dc26494f8941b', 1, 330010, NULL, '71303223', NULL, '2020-05-29 10:18:27'),
(5168, 'Пользователь 172', 'user172', '7c4a8d09ca3762af61e59520943dc26494f8941b', 1, 401101, NULL, '72413223', NULL, '2020-05-29 10:18:27'),
(5169, 'Пользователь 173', 'user173', '7c4a8d09ca3762af61e59520943dc26494f8941b', 1, 512212, NULL, '73523223', NULL, '2020-05-29 10:18:27'),
(5170, 'Пользователь 174', 'user174', '7c4a8d09ca3762af61e59520943dc26494f8941b', 1, 23003, NULL, '74633223', NULL, '2020-05-29 10:18:27'),
(5171, 'Пользователь 175', 'user175', '7c4a8d09ca3762af61e59520943dc26494f8941b', 1, 134114, NULL, '70743223', NULL, '2020-05-29 10:18:27'),
(5172, 'Пользователь 176', 'user176', '7c4a8d09ca3762af61e59520943dc26494f8941b', 1, 205205, NULL, '71053223', NULL, '2020-05-29 10:18:27'),
(5173, 'Пользователь 177', 'user177', '7c4a8d09ca3762af61e59520943dc26494f8941b', 1, 316016, NULL, '72163223', NULL, '2020-05-29 10:18:27'),
(5174, 'Пользователь 178', 'user178', '7c4a8d09ca3762af61e59520943dc26494f8941b', 1, 427107, NULL, '73273223', NULL, '2020-05-29 10:18:27'),
(5175, 'Пользователь 179', 'user179', '7c4a8d09ca3762af61e59520943dc26494f8941b', 1, 538218, NULL, '74383223', NULL, '2020-05-29 10:18:27'),
(5176, 'Пользователь 180', 'user180', '7c4a8d09ca3762af61e59520943dc26494f8941b', 1, 0, NULL, '70403223', NULL, '2020-05-29 10:18:27'),
(5177, 'Пользователь 181', 'user181', '7c4a8d09ca3762af61e59520943dc26494f8941b', 1, 111111, NULL, '71513223', NULL, '2020-05-29 10:18:27'),
(5178, 'Пользователь 182', 'user182', '7c4a8d09ca3762af61e59520943dc26494f8941b', 1, 222202, NULL, '72623223', NULL, '2020-05-29 10:18:27'),
(5179, 'Пользователь 183', 'user183', '7c4a8d09ca3762af61e59520943dc26494f8941b', 1, 333013, NULL, '73733223', NULL, '2020-05-29 10:18:27'),
(5180, 'Пользователь 184', 'user184', '7c4a8d09ca3762af61e59520943dc26494f8941b', 1, 404104, NULL, '74043223', NULL, '2020-05-29 10:18:27'),
(5181, 'Пользователь 185', 'user185', '7c4a8d09ca3762af61e59520943dc26494f8941b', 1, 515215, NULL, '70153223', NULL, '2020-05-29 10:18:27'),
(5182, 'Пользователь 186', 'user186', '7c4a8d09ca3762af61e59520943dc26494f8941b', 1, 26006, NULL, '71263223', NULL, '2020-05-29 10:18:27'),
(5183, 'Пользователь 187', 'user187', '7c4a8d09ca3762af61e59520943dc26494f8941b', 1, 137117, NULL, '72373223', NULL, '2020-05-29 10:18:27'),
(5184, 'Пользователь 188', 'user188', '7c4a8d09ca3762af61e59520943dc26494f8941b', 1, 208208, NULL, '73483223', NULL, '2020-05-29 10:18:27'),
(5185, 'Пользователь 189', 'user189', '7c4a8d09ca3762af61e59520943dc26494f8941b', 1, 310010, NULL, '74503223', NULL, '2020-05-29 10:18:27'),
(5186, 'Пользователь 190', 'user190', '7c4a8d09ca3762af61e59520943dc26494f8941b', 1, 421101, NULL, '70613223', NULL, '2020-05-29 10:18:27'),
(5187, 'Пользователь 191', 'user191', '7c4a8d09ca3762af61e59520943dc26494f8941b', 1, 532212, NULL, '71723223', NULL, '2020-05-29 10:18:27'),
(5188, 'Пользователь 192', 'user192', '7c4a8d09ca3762af61e59520943dc26494f8941b', 1, 3003, NULL, '72033223', NULL, '2020-05-29 10:18:27'),
(5189, 'Пользователь 193', 'user193', '7c4a8d09ca3762af61e59520943dc26494f8941b', 1, 114114, NULL, '73143223', NULL, '2020-05-29 10:18:27'),
(5190, 'Пользователь 194', 'user194', '7c4a8d09ca3762af61e59520943dc26494f8941b', 1, 225205, NULL, '74253223', NULL, '2020-05-29 10:18:27'),
(5191, 'Пользователь 195', 'user195', '7c4a8d09ca3762af61e59520943dc26494f8941b', 1, 336016, NULL, '70363223', NULL, '2020-05-29 10:18:28'),
(5192, 'Пользователь 196', 'user196', '7c4a8d09ca3762af61e59520943dc26494f8941b', 1, 407107, NULL, '71473223', NULL, '2020-05-29 10:18:28'),
(5193, 'Пользователь 197', 'user197', '7c4a8d09ca3762af61e59520943dc26494f8941b', 1, 518218, NULL, '72583223', NULL, '2020-05-29 10:18:28'),
(5194, 'Пользователь 198', 'user198', '7c4a8d09ca3762af61e59520943dc26494f8941b', 1, 20000, NULL, '73603223', NULL, '2020-05-29 10:18:28'),
(5195, 'Пользователь 199', 'user199', '7c4a8d09ca3762af61e59520943dc26494f8941b', 1, 131111, NULL, '74713223', NULL, '2020-05-29 10:18:28'),
(5196, 'Пользователь 200', 'user200', '7c4a8d09ca3762af61e59520943dc26494f8941b', 1, 202202, NULL, '70023223', NULL, '2020-05-29 10:18:28'),
(5197, 'Пользователь 201', 'user201', '7c4a8d09ca3762af61e59520943dc26494f8941b', 1, 313013, NULL, '71133223', NULL, '2020-05-29 10:18:28'),
(5198, 'Пользователь 202', 'user202', '7c4a8d09ca3762af61e59520943dc26494f8941b', 1, 424104, NULL, '72243223', NULL, '2020-05-29 10:18:28'),
(5199, 'Пользователь 203', 'user203', '7c4a8d09ca3762af61e59520943dc26494f8941b', 1, 535215, NULL, '73353223', NULL, '2020-05-29 10:18:28'),
(5200, 'Пользователь 204', 'user204', '7c4a8d09ca3762af61e59520943dc26494f8941b', 1, 6006, NULL, '74463223', NULL, '2020-05-29 10:18:28'),
(5201, 'Пользователь 205', 'user205', '7c4a8d09ca3762af61e59520943dc26494f8941b', 1, 117117, NULL, '70573223', NULL, '2020-05-29 10:18:28'),
(5202, 'Пользователь 206', 'user206', '7c4a8d09ca3762af61e59520943dc26494f8941b', 1, 228208, NULL, '71683223', NULL, '2020-05-29 10:18:28'),
(5203, 'Пользователь 207', 'user207', '7c4a8d09ca3762af61e59520943dc26494f8941b', 1, 330010, NULL, '72703223', NULL, '2020-05-29 10:18:28'),
(5204, 'Пользователь 208', 'user208', '7c4a8d09ca3762af61e59520943dc26494f8941b', 1, 401101, NULL, '73013223', NULL, '2020-05-29 10:18:28'),
(5205, 'Пользователь 209', 'user209', '7c4a8d09ca3762af61e59520943dc26494f8941b', 1, 512212, NULL, '74123223', NULL, '2020-05-29 10:18:28'),
(5206, 'Пользователь 210', 'user210', '7c4a8d09ca3762af61e59520943dc26494f8941b', 1, 23003, NULL, '70233223', NULL, '2020-05-29 10:18:28'),
(5207, 'Пользователь 211', 'user211', '7c4a8d09ca3762af61e59520943dc26494f8941b', 1, 134114, NULL, '71343223', NULL, '2020-05-29 10:18:28'),
(5208, 'Пользователь 212', 'user212', '7c4a8d09ca3762af61e59520943dc26494f8941b', 1, 205205, NULL, '72453223', NULL, '2020-05-29 10:18:28'),
(5209, 'Пользователь 213', 'user213', '7c4a8d09ca3762af61e59520943dc26494f8941b', 1, 316016, NULL, '73563223', NULL, '2020-05-29 10:18:28'),
(5210, 'Пользователь 214', 'user214', '7c4a8d09ca3762af61e59520943dc26494f8941b', 1, 427107, NULL, '74673223', NULL, '2020-05-29 10:18:28'),
(5211, 'Пользователь 215', 'user215', '7c4a8d09ca3762af61e59520943dc26494f8941b', 1, 538218, NULL, '70783223', NULL, '2020-05-29 10:18:28'),
(5212, 'Пользователь 216', 'user216', '7c4a8d09ca3762af61e59520943dc26494f8941b', 1, 0, NULL, '71003223', NULL, '2020-05-29 10:18:28'),
(5213, 'Пользователь 217', 'user217', '7c4a8d09ca3762af61e59520943dc26494f8941b', 1, 111111, NULL, '72113223', NULL, '2020-05-29 10:18:28'),
(5214, 'Пользователь 218', 'user218', '7c4a8d09ca3762af61e59520943dc26494f8941b', 1, 222202, NULL, '73223223', NULL, '2020-05-29 10:18:28'),
(5215, 'Пользователь 219', 'user219', '7c4a8d09ca3762af61e59520943dc26494f8941b', 1, 333013, NULL, '74333223', NULL, '2020-05-29 10:18:28'),
(5216, 'Пользователь 220', 'user220', '7c4a8d09ca3762af61e59520943dc26494f8941b', 1, 404104, NULL, '70443223', NULL, '2020-05-29 10:18:28'),
(5217, 'Пользователь 221', 'user221', '7c4a8d09ca3762af61e59520943dc26494f8941b', 1, 515215, NULL, '71553223', NULL, '2020-05-29 10:18:28'),
(5218, 'Пользователь 222', 'user222', '7c4a8d09ca3762af61e59520943dc26494f8941b', 1, 26006, NULL, '72663223', NULL, '2020-05-29 10:18:28'),
(5219, 'Пользователь 223', 'user223', '7c4a8d09ca3762af61e59520943dc26494f8941b', 1, 137117, NULL, '73773223', NULL, '2020-05-29 10:18:28'),
(5220, 'Пользователь 224', 'user224', '7c4a8d09ca3762af61e59520943dc26494f8941b', 1, 208208, NULL, '74083223', NULL, '2020-05-29 10:18:28'),
(5221, 'Пользователь 225', 'user225', '7c4a8d09ca3762af61e59520943dc26494f8941b', 1, 310010, NULL, '70103223', NULL, '2020-05-29 10:18:28'),
(5222, 'Пользователь 226', 'user226', '7c4a8d09ca3762af61e59520943dc26494f8941b', 1, 421101, NULL, '71213223', NULL, '2020-05-29 10:18:28'),
(5223, 'Пользователь 227', 'user227', '7c4a8d09ca3762af61e59520943dc26494f8941b', 1, 532212, NULL, '72323223', NULL, '2020-05-29 10:18:28'),
(5224, 'Пользователь 228', 'user228', '7c4a8d09ca3762af61e59520943dc26494f8941b', 1, 3003, NULL, '73433223', NULL, '2020-05-29 10:18:28'),
(5225, 'Пользователь 229', 'user229', '7c4a8d09ca3762af61e59520943dc26494f8941b', 1, 114114, NULL, '74543223', NULL, '2020-05-29 10:18:28'),
(5226, 'Пользователь 230', 'user230', '7c4a8d09ca3762af61e59520943dc26494f8941b', 1, 225205, NULL, '70653223', NULL, '2020-05-29 10:18:28'),
(5227, 'Пользователь 231', 'user231', '7c4a8d09ca3762af61e59520943dc26494f8941b', 1, 336016, NULL, '71763223', NULL, '2020-05-29 10:18:28'),
(5228, 'Пользователь 232', 'user232', '7c4a8d09ca3762af61e59520943dc26494f8941b', 1, 407107, NULL, '72073223', NULL, '2020-05-29 10:18:28'),
(5229, 'Пользователь 233', 'user233', '7c4a8d09ca3762af61e59520943dc26494f8941b', 1, 518218, NULL, '73183223', NULL, '2020-05-29 10:18:28'),
(5230, 'Пользователь 234', 'user234', '7c4a8d09ca3762af61e59520943dc26494f8941b', 1, 20000, NULL, '74203223', NULL, '2020-05-29 10:18:28'),
(5231, 'Пользователь 235', 'user235', '7c4a8d09ca3762af61e59520943dc26494f8941b', 1, 131111, NULL, '70313223', NULL, '2020-05-29 10:18:28'),
(5232, 'Пользователь 236', 'user236', '7c4a8d09ca3762af61e59520943dc26494f8941b', 1, 202202, NULL, '71423223', NULL, '2020-05-29 10:18:28'),
(5233, 'Пользователь 237', 'user237', '7c4a8d09ca3762af61e59520943dc26494f8941b', 1, 313013, NULL, '72533223', NULL, '2020-05-29 10:18:28'),
(5234, 'Пользователь 238', 'user238', '7c4a8d09ca3762af61e59520943dc26494f8941b', 1, 424104, NULL, '73643223', NULL, '2020-05-29 10:18:28'),
(5235, 'Пользователь 239', 'user239', '7c4a8d09ca3762af61e59520943dc26494f8941b', 1, 535215, NULL, '74753223', NULL, '2020-05-29 10:18:28'),
(5236, 'Пользователь 240', 'user240', '7c4a8d09ca3762af61e59520943dc26494f8941b', 1, 6006, NULL, '70063223', NULL, '2020-05-29 10:18:28'),
(5237, 'Пользователь 241', 'user241', '7c4a8d09ca3762af61e59520943dc26494f8941b', 1, 117117, NULL, '71173223', NULL, '2020-05-29 10:18:28'),
(5238, 'Пользователь 242', 'user242', '7c4a8d09ca3762af61e59520943dc26494f8941b', 1, 228208, NULL, '72283223', NULL, '2020-05-29 10:18:28'),
(5239, 'Пользователь 243', 'user243', '7c4a8d09ca3762af61e59520943dc26494f8941b', 1, 330010, NULL, '73303223', NULL, '2020-05-29 10:18:28'),
(5240, 'Пользователь 244', 'user244', '7c4a8d09ca3762af61e59520943dc26494f8941b', 1, 401101, NULL, '74413223', NULL, '2020-05-29 10:18:28'),
(5241, 'Пользователь 245', 'user245', '7c4a8d09ca3762af61e59520943dc26494f8941b', 1, 512212, NULL, '70523223', NULL, '2020-05-29 10:18:28'),
(5242, 'Пользователь 246', 'user246', '7c4a8d09ca3762af61e59520943dc26494f8941b', 1, 23003, NULL, '71633223', NULL, '2020-05-29 10:18:28'),
(5243, 'Пользователь 247', 'user247', '7c4a8d09ca3762af61e59520943dc26494f8941b', 1, 134114, NULL, '72743223', NULL, '2020-05-29 10:18:28'),
(5244, 'Пользователь 248', 'user248', '7c4a8d09ca3762af61e59520943dc26494f8941b', 1, 205205, NULL, '73053223', NULL, '2020-05-29 10:18:28'),
(5245, 'Пользователь 249', 'user249', '7c4a8d09ca3762af61e59520943dc26494f8941b', 1, 316016, NULL, '74163223', NULL, '2020-05-29 10:18:28'),
(5246, 'Пользователь 250', 'user250', '7c4a8d09ca3762af61e59520943dc26494f8941b', 1, 427107, NULL, '70273223', NULL, '2020-05-29 10:18:28'),
(5247, 'Пользователь 251', 'user251', '7c4a8d09ca3762af61e59520943dc26494f8941b', 1, 538218, NULL, '71383223', NULL, '2020-05-29 10:18:28'),
(5248, 'Пользователь 252', 'user252', '7c4a8d09ca3762af61e59520943dc26494f8941b', 1, 0, NULL, '72403223', NULL, '2020-05-29 10:18:28'),
(5249, 'Пользователь 253', 'user253', '7c4a8d09ca3762af61e59520943dc26494f8941b', 1, 111111, NULL, '73513223', NULL, '2020-05-29 10:18:28'),
(5250, 'Пользователь 254', 'user254', '7c4a8d09ca3762af61e59520943dc26494f8941b', 1, 222202, NULL, '74623223', NULL, '2020-05-29 10:18:28'),
(5251, 'Пользователь 255', 'user255', '7c4a8d09ca3762af61e59520943dc26494f8941b', 1, 333013, NULL, '70733223', NULL, '2020-05-29 10:18:28'),
(5252, 'Пользователь 256', 'user256', '7c4a8d09ca3762af61e59520943dc26494f8941b', 1, 404104, NULL, '71043223', NULL, '2020-05-29 10:18:28'),
(5253, 'Пользователь 257', 'user257', '7c4a8d09ca3762af61e59520943dc26494f8941b', 1, 515215, NULL, '72153223', NULL, '2020-05-29 10:18:28'),
(5254, 'Пользователь 258', 'user258', '7c4a8d09ca3762af61e59520943dc26494f8941b', 1, 26006, NULL, '73263223', NULL, '2020-05-29 10:18:28'),
(5255, 'Пользователь 259', 'user259', '7c4a8d09ca3762af61e59520943dc26494f8941b', 1, 137117, NULL, '74373223', NULL, '2020-05-29 10:18:28'),
(5256, 'Пользователь 260', 'user260', '7c4a8d09ca3762af61e59520943dc26494f8941b', 1, 208208, NULL, '70483223', NULL, '2020-05-29 10:18:28'),
(5257, 'Пользователь 261', 'user261', '7c4a8d09ca3762af61e59520943dc26494f8941b', 1, 310010, NULL, '71503223', NULL, '2020-05-29 10:18:28'),
(5258, 'Пользователь 262', 'user262', '7c4a8d09ca3762af61e59520943dc26494f8941b', 1, 421101, NULL, '72613223', NULL, '2020-05-29 10:18:28'),
(5259, 'Пользователь 263', 'user263', '7c4a8d09ca3762af61e59520943dc26494f8941b', 1, 532212, NULL, '73723223', NULL, '2020-05-29 10:18:28'),
(5260, 'Пользователь 264', 'user264', '7c4a8d09ca3762af61e59520943dc26494f8941b', 1, 3003, NULL, '74033223', NULL, '2020-05-29 10:18:28'),
(5261, 'Пользователь 265', 'user265', '7c4a8d09ca3762af61e59520943dc26494f8941b', 1, 114114, NULL, '70143223', NULL, '2020-05-29 10:18:28'),
(5262, 'Пользователь 266', 'user266', '7c4a8d09ca3762af61e59520943dc26494f8941b', 1, 225205, NULL, '71253223', NULL, '2020-05-29 10:18:28'),
(5263, 'Пользователь 267', 'user267', '7c4a8d09ca3762af61e59520943dc26494f8941b', 1, 336016, NULL, '72363223', NULL, '2020-05-29 10:18:28'),
(5264, 'Пользователь 268', 'user268', '7c4a8d09ca3762af61e59520943dc26494f8941b', 1, 407107, NULL, '73473223', NULL, '2020-05-29 10:18:28'),
(5265, 'Пользователь 269', 'user269', '7c4a8d09ca3762af61e59520943dc26494f8941b', 1, 518218, NULL, '74583223', NULL, '2020-05-29 10:18:28'),
(5266, 'Пользователь 270', 'user270', '7c4a8d09ca3762af61e59520943dc26494f8941b', 1, 20000, NULL, '70603223', NULL, '2020-05-29 10:18:28'),
(5267, 'Пользователь 271', 'user271', '7c4a8d09ca3762af61e59520943dc26494f8941b', 1, 131111, NULL, '71713223', NULL, '2020-05-29 10:18:28'),
(5268, 'Пользователь 272', 'user272', '7c4a8d09ca3762af61e59520943dc26494f8941b', 1, 202202, NULL, '72023223', NULL, '2020-05-29 10:18:28'),
(5269, 'Пользователь 273', 'user273', '7c4a8d09ca3762af61e59520943dc26494f8941b', 1, 313013, NULL, '73133223', NULL, '2020-05-29 10:18:28'),
(5270, 'Пользователь 274', 'user274', '7c4a8d09ca3762af61e59520943dc26494f8941b', 1, 424104, NULL, '74243223', NULL, '2020-05-29 10:18:28'),
(5271, 'Пользователь 275', 'user275', '7c4a8d09ca3762af61e59520943dc26494f8941b', 1, 535215, NULL, '70353223', NULL, '2020-05-29 10:18:28'),
(5272, 'Пользователь 276', 'user276', '7c4a8d09ca3762af61e59520943dc26494f8941b', 1, 6006, NULL, '71463223', NULL, '2020-05-29 10:18:28'),
(5273, 'Пользователь 277', 'user277', '7c4a8d09ca3762af61e59520943dc26494f8941b', 1, 117117, NULL, '72573223', NULL, '2020-05-29 10:18:28'),
(5274, 'Пользователь 278', 'user278', '7c4a8d09ca3762af61e59520943dc26494f8941b', 1, 228208, NULL, '73683223', NULL, '2020-05-29 10:18:28'),
(5275, 'Пользователь 279', 'user279', '7c4a8d09ca3762af61e59520943dc26494f8941b', 1, 330010, NULL, '74703223', NULL, '2020-05-29 10:18:28'),
(5276, 'Пользователь 280', 'user280', '7c4a8d09ca3762af61e59520943dc26494f8941b', 1, 401101, NULL, '70013223', NULL, '2020-05-29 10:18:28'),
(5277, 'Пользователь 281', 'user281', '7c4a8d09ca3762af61e59520943dc26494f8941b', 1, 512212, NULL, '71123223', NULL, '2020-05-29 10:18:28'),
(5278, 'Пользователь 282', 'user282', '7c4a8d09ca3762af61e59520943dc26494f8941b', 1, 23003, NULL, '72233223', NULL, '2020-05-29 10:18:28'),
(5279, 'Пользователь 283', 'user283', '7c4a8d09ca3762af61e59520943dc26494f8941b', 1, 134114, NULL, '73343223', NULL, '2020-05-29 10:18:28'),
(5280, 'Пользователь 284', 'user284', '7c4a8d09ca3762af61e59520943dc26494f8941b', 1, 205205, NULL, '74453223', NULL, '2020-05-29 10:18:28'),
(5281, 'Пользователь 285', 'user285', '7c4a8d09ca3762af61e59520943dc26494f8941b', 1, 316016, NULL, '70563223', NULL, '2020-05-29 10:18:28'),
(5282, 'Пользователь 286', 'user286', '7c4a8d09ca3762af61e59520943dc26494f8941b', 1, 427107, NULL, '71673223', NULL, '2020-05-29 10:18:28'),
(5283, 'Пользователь 287', 'user287', '7c4a8d09ca3762af61e59520943dc26494f8941b', 1, 538218, NULL, '72783223', NULL, '2020-05-29 10:18:28'),
(5284, 'Пользователь 288', 'user288', '7c4a8d09ca3762af61e59520943dc26494f8941b', 1, 0, NULL, '73003223', NULL, '2020-05-29 10:18:28'),
(5285, 'Пользователь 289', 'user289', '7c4a8d09ca3762af61e59520943dc26494f8941b', 1, 111111, NULL, '74113223', NULL, '2020-05-29 10:18:28'),
(5286, 'Пользователь 290', 'user290', '7c4a8d09ca3762af61e59520943dc26494f8941b', 1, 222202, NULL, '70223223', NULL, '2020-05-29 10:18:28'),
(5287, 'Пользователь 291', 'user291', '7c4a8d09ca3762af61e59520943dc26494f8941b', 1, 333013, NULL, '71333223', NULL, '2020-05-29 10:18:28'),
(5288, 'Пользователь 292', 'user292', '7c4a8d09ca3762af61e59520943dc26494f8941b', 1, 404104, NULL, '72443223', NULL, '2020-05-29 10:18:28'),
(5289, 'Пользователь 293', 'user293', '7c4a8d09ca3762af61e59520943dc26494f8941b', 1, 515215, NULL, '73553223', NULL, '2020-05-29 10:18:28'),
(5290, 'Пользователь 294', 'user294', '7c4a8d09ca3762af61e59520943dc26494f8941b', 1, 26006, NULL, '74663223', NULL, '2020-05-29 10:18:28'),
(5291, 'Пользователь 295', 'user295', '7c4a8d09ca3762af61e59520943dc26494f8941b', 1, 137117, NULL, '70773223', NULL, '2020-05-29 10:18:28'),
(5292, 'Пользователь 296', 'user296', '7c4a8d09ca3762af61e59520943dc26494f8941b', 1, 208208, NULL, '71083223', NULL, '2020-05-29 10:18:28'),
(5293, 'Пользователь 297', 'user297', '7c4a8d09ca3762af61e59520943dc26494f8941b', 1, 310010, NULL, '72103223', NULL, '2020-05-29 10:18:28'),
(5294, 'Пользователь 298', 'user298', '7c4a8d09ca3762af61e59520943dc26494f8941b', 1, 421101, NULL, '73213223', NULL, '2020-05-29 10:18:28'),
(5295, 'Пользователь 299', 'user299', '7c4a8d09ca3762af61e59520943dc26494f8941b', 1, 532212, NULL, '74323223', NULL, '2020-05-29 10:18:28'),
(5296, 'Пользователь 300', 'user300', '7c4a8d09ca3762af61e59520943dc26494f8941b', 1, 3003, NULL, '70433223', NULL, '2020-05-29 10:18:28'),
(5297, 'Пользователь 301', 'user301', '7c4a8d09ca3762af61e59520943dc26494f8941b', 1, 114114, NULL, '71543223', NULL, '2020-05-29 10:18:28'),
(5298, 'Пользователь 302', 'user302', '7c4a8d09ca3762af61e59520943dc26494f8941b', 1, 225205, NULL, '72653223', NULL, '2020-05-29 10:18:28'),
(5299, 'Пользователь 303', 'user303', '7c4a8d09ca3762af61e59520943dc26494f8941b', 1, 336016, NULL, '73763223', NULL, '2020-05-29 10:18:28'),
(5300, 'Пользователь 304', 'user304', '7c4a8d09ca3762af61e59520943dc26494f8941b', 1, 407107, NULL, '74073223', NULL, '2020-05-29 10:18:28'),
(5301, 'Пользователь 305', 'user305', '7c4a8d09ca3762af61e59520943dc26494f8941b', 1, 518218, NULL, '70183223', NULL, '2020-05-29 10:18:28'),
(5302, 'Пользователь 306', 'user306', '7c4a8d09ca3762af61e59520943dc26494f8941b', 1, 20000, NULL, '71203223', NULL, '2020-05-29 10:18:28'),
(5303, 'Пользователь 307', 'user307', '7c4a8d09ca3762af61e59520943dc26494f8941b', 1, 131111, NULL, '72313223', NULL, '2020-05-29 10:18:28'),
(5304, 'Пользователь 308', 'user308', '7c4a8d09ca3762af61e59520943dc26494f8941b', 1, 202202, NULL, '73423223', NULL, '2020-05-29 10:18:28'),
(5305, 'Пользователь 309', 'user309', '7c4a8d09ca3762af61e59520943dc26494f8941b', 1, 313013, NULL, '74533223', NULL, '2020-05-29 10:18:29'),
(5306, 'Пользователь 310', 'user310', '7c4a8d09ca3762af61e59520943dc26494f8941b', 1, 424104, NULL, '70643223', NULL, '2020-05-29 10:18:29'),
(5307, 'Пользователь 311', 'user311', '7c4a8d09ca3762af61e59520943dc26494f8941b', 1, 535215, NULL, '71753223', NULL, '2020-05-29 10:18:29'),
(5308, 'Пользователь 312', 'user312', '7c4a8d09ca3762af61e59520943dc26494f8941b', 1, 6006, NULL, '72063223', NULL, '2020-05-29 10:18:29'),
(5309, 'Пользователь 313', 'user313', '7c4a8d09ca3762af61e59520943dc26494f8941b', 1, 117117, NULL, '73173223', NULL, '2020-05-29 10:18:29'),
(5310, 'Пользователь 314', 'user314', '7c4a8d09ca3762af61e59520943dc26494f8941b', 1, 228208, NULL, '74283223', NULL, '2020-05-29 10:18:29'),
(5311, 'Пользователь 315', 'user315', '7c4a8d09ca3762af61e59520943dc26494f8941b', 1, 330010, NULL, '70303223', NULL, '2020-05-29 10:18:29'),
(5312, 'Пользователь 316', 'user316', '7c4a8d09ca3762af61e59520943dc26494f8941b', 1, 401101, NULL, '71413223', NULL, '2020-05-29 10:18:29'),
(5313, 'Пользователь 317', 'user317', '7c4a8d09ca3762af61e59520943dc26494f8941b', 1, 512212, NULL, '72523223', NULL, '2020-05-29 10:18:29'),
(5314, 'Пользователь 318', 'user318', '7c4a8d09ca3762af61e59520943dc26494f8941b', 1, 23003, NULL, '73633223', NULL, '2020-05-29 10:18:29'),
(5315, 'Пользователь 319', 'user319', '7c4a8d09ca3762af61e59520943dc26494f8941b', 1, 134114, NULL, '74743223', NULL, '2020-05-29 10:18:29'),
(5316, 'Пользователь 320', 'user320', '7c4a8d09ca3762af61e59520943dc26494f8941b', 1, 205205, NULL, '70053223', NULL, '2020-05-29 10:18:29'),
(5317, 'Пользователь 321', 'user321', '7c4a8d09ca3762af61e59520943dc26494f8941b', 1, 316016, NULL, '71163223', NULL, '2020-05-29 10:18:29'),
(5318, 'Пользователь 322', 'user322', '7c4a8d09ca3762af61e59520943dc26494f8941b', 1, 427107, NULL, '72273223', NULL, '2020-05-29 10:18:29'),
(5319, 'Пользователь 323', 'user323', '7c4a8d09ca3762af61e59520943dc26494f8941b', 1, 538218, NULL, '73383223', NULL, '2020-05-29 10:18:29'),
(5320, 'Пользователь 324', 'user324', '7c4a8d09ca3762af61e59520943dc26494f8941b', 1, 0, NULL, '74403223', NULL, '2020-05-29 10:18:29'),
(5321, 'Пользователь 325', 'user325', '7c4a8d09ca3762af61e59520943dc26494f8941b', 1, 111111, NULL, '70513223', NULL, '2020-05-29 10:18:29'),
(5322, 'Пользователь 326', 'user326', '7c4a8d09ca3762af61e59520943dc26494f8941b', 1, 222202, NULL, '71623223', NULL, '2020-05-29 10:18:29'),
(5323, 'Пользователь 327', 'user327', '7c4a8d09ca3762af61e59520943dc26494f8941b', 1, 333013, NULL, '72733223', NULL, '2020-05-29 10:18:29'),
(5324, 'Пользователь 328', 'user328', '7c4a8d09ca3762af61e59520943dc26494f8941b', 1, 404104, NULL, '73043223', NULL, '2020-05-29 10:18:29'),
(5325, 'Пользователь 329', 'user329', '7c4a8d09ca3762af61e59520943dc26494f8941b', 1, 515215, NULL, '74153223', NULL, '2020-05-29 10:18:29'),
(5326, 'Пользователь 330', 'user330', '7c4a8d09ca3762af61e59520943dc26494f8941b', 1, 26006, NULL, '70263223', NULL, '2020-05-29 10:18:29'),
(5327, 'Пользователь 331', 'user331', '7c4a8d09ca3762af61e59520943dc26494f8941b', 1, 137117, NULL, '71373223', NULL, '2020-05-29 10:18:29'),
(5328, 'Пользователь 332', 'user332', '7c4a8d09ca3762af61e59520943dc26494f8941b', 1, 208208, NULL, '72483223', NULL, '2020-05-29 10:18:29'),
(5329, 'Пользователь 333', 'user333', '7c4a8d09ca3762af61e59520943dc26494f8941b', 1, 310010, NULL, '73503223', NULL, '2020-05-29 10:18:29'),
(5330, 'Пользователь 334', 'user334', '7c4a8d09ca3762af61e59520943dc26494f8941b', 1, 421101, NULL, '74613223', NULL, '2020-05-29 10:18:29'),
(5331, 'Пользователь 335', 'user335', '7c4a8d09ca3762af61e59520943dc26494f8941b', 1, 532212, NULL, '70723223', NULL, '2020-05-29 10:18:29'),
(5332, 'Пользователь 336', 'user336', '7c4a8d09ca3762af61e59520943dc26494f8941b', 1, 3003, NULL, '71033223', NULL, '2020-05-29 10:18:29'),
(5333, 'Пользователь 337', 'user337', '7c4a8d09ca3762af61e59520943dc26494f8941b', 1, 114114, NULL, '72143223', NULL, '2020-05-29 10:18:29'),
(5334, 'Пользователь 338', 'user338', '7c4a8d09ca3762af61e59520943dc26494f8941b', 1, 225205, NULL, '73253223', NULL, '2020-05-29 10:18:29'),
(5335, 'Пользователь 339', 'user339', '7c4a8d09ca3762af61e59520943dc26494f8941b', 1, 336016, NULL, '74363223', NULL, '2020-05-29 10:18:29'),
(5336, 'Пользователь 340', 'user340', '7c4a8d09ca3762af61e59520943dc26494f8941b', 1, 407107, NULL, '70473223', NULL, '2020-05-29 10:18:29'),
(5337, 'Пользователь 341', 'user341', '7c4a8d09ca3762af61e59520943dc26494f8941b', 1, 518218, NULL, '71583223', NULL, '2020-05-29 10:18:29'),
(5338, 'Пользователь 342', 'user342', '7c4a8d09ca3762af61e59520943dc26494f8941b', 1, 20000, NULL, '72603223', NULL, '2020-05-29 10:18:29'),
(5339, 'Пользователь 343', 'user343', '7c4a8d09ca3762af61e59520943dc26494f8941b', 1, 131111, NULL, '73713223', NULL, '2020-05-29 10:18:29'),
(5340, 'Пользователь 344', 'user344', '7c4a8d09ca3762af61e59520943dc26494f8941b', 1, 202202, NULL, '74023223', NULL, '2020-05-29 10:18:29'),
(5341, 'Пользователь 345', 'user345', '7c4a8d09ca3762af61e59520943dc26494f8941b', 1, 313013, NULL, '70133223', NULL, '2020-05-29 10:18:29'),
(5342, 'Пользователь 346', 'user346', '7c4a8d09ca3762af61e59520943dc26494f8941b', 1, 424104, NULL, '71243223', NULL, '2020-05-29 10:18:29'),
(5343, 'Пользователь 347', 'user347', '7c4a8d09ca3762af61e59520943dc26494f8941b', 1, 535215, NULL, '72353223', NULL, '2020-05-29 10:18:29'),
(5344, 'Пользователь 348', 'user348', '7c4a8d09ca3762af61e59520943dc26494f8941b', 1, 6006, NULL, '73463223', NULL, '2020-05-29 10:18:29'),
(5345, 'Пользователь 349', 'user349', '7c4a8d09ca3762af61e59520943dc26494f8941b', 1, 117117, NULL, '74573223', NULL, '2020-05-29 10:18:29'),
(5346, 'Пользователь 350', 'user350', '7c4a8d09ca3762af61e59520943dc26494f8941b', 1, 228208, NULL, '70683223', NULL, '2020-05-29 10:18:29'),
(5347, 'Пользователь 351', 'user351', '7c4a8d09ca3762af61e59520943dc26494f8941b', 1, 330010, NULL, '71703223', NULL, '2020-05-29 10:18:29'),
(5348, 'Пользователь 352', 'user352', '7c4a8d09ca3762af61e59520943dc26494f8941b', 1, 401101, NULL, '72013223', NULL, '2020-05-29 10:18:29'),
(5349, 'Пользователь 353', 'user353', '7c4a8d09ca3762af61e59520943dc26494f8941b', 1, 512212, NULL, '73123223', NULL, '2020-05-29 10:18:29'),
(5350, 'Пользователь 354', 'user354', '7c4a8d09ca3762af61e59520943dc26494f8941b', 1, 23003, NULL, '74233223', NULL, '2020-05-29 10:18:29'),
(5351, 'Пользователь 355', 'user355', '7c4a8d09ca3762af61e59520943dc26494f8941b', 1, 134114, NULL, '70343223', NULL, '2020-05-29 10:18:29'),
(5352, 'Пользователь 356', 'user356', '7c4a8d09ca3762af61e59520943dc26494f8941b', 1, 205205, NULL, '71453223', NULL, '2020-05-29 10:18:29'),
(5353, 'Пользователь 357', 'user357', '7c4a8d09ca3762af61e59520943dc26494f8941b', 1, 316016, NULL, '72563223', NULL, '2020-05-29 10:18:29'),
(5354, 'Пользователь 358', 'user358', '7c4a8d09ca3762af61e59520943dc26494f8941b', 1, 427107, NULL, '73673223', NULL, '2020-05-29 10:18:29'),
(5355, 'Пользователь 359', 'user359', '7c4a8d09ca3762af61e59520943dc26494f8941b', 1, 538218, NULL, '74783223', NULL, '2020-05-29 10:18:29'),
(5356, 'Пользователь 360', 'user360', '7c4a8d09ca3762af61e59520943dc26494f8941b', 1, 0, NULL, '70003223', NULL, '2020-05-29 10:18:29'),
(5357, 'Пользователь 361', 'user361', '7c4a8d09ca3762af61e59520943dc26494f8941b', 1, 111111, NULL, '71113223', NULL, '2020-05-29 10:18:29');
INSERT INTO `users` (`id`, `fio`, `login`, `password`, `isActive`, `postcode`, `yandex_money`, `phone`, `address`, `dt`) VALUES
(5358, 'Пользователь 362', 'user362', '7c4a8d09ca3762af61e59520943dc26494f8941b', 1, 222202, NULL, '72223223', NULL, '2020-05-29 10:18:29'),
(5359, 'Пользователь 363', 'user363', '7c4a8d09ca3762af61e59520943dc26494f8941b', 1, 333013, NULL, '73333223', NULL, '2020-05-29 10:18:29'),
(5360, 'Пользователь 364', 'user364', '7c4a8d09ca3762af61e59520943dc26494f8941b', 1, 404104, NULL, '74443223', NULL, '2020-05-29 10:18:29'),
(5361, 'Пользователь 365', 'user365', '7c4a8d09ca3762af61e59520943dc26494f8941b', 1, 515215, NULL, '70553223', NULL, '2020-05-29 10:18:29'),
(5362, 'Пользователь 366', 'user366', '7c4a8d09ca3762af61e59520943dc26494f8941b', 1, 26006, NULL, '71663223', NULL, '2020-05-29 10:18:29'),
(5363, 'Пользователь 367', 'user367', '7c4a8d09ca3762af61e59520943dc26494f8941b', 1, 137117, NULL, '72773223', NULL, '2020-05-29 10:18:29'),
(5364, 'Пользователь 368', 'user368', '7c4a8d09ca3762af61e59520943dc26494f8941b', 1, 208208, NULL, '73083223', NULL, '2020-05-29 10:18:29'),
(5365, 'Пользователь 369', 'user369', '7c4a8d09ca3762af61e59520943dc26494f8941b', 1, 310010, NULL, '74103223', NULL, '2020-05-29 10:18:29'),
(5366, 'Пользователь 370', 'user370', '7c4a8d09ca3762af61e59520943dc26494f8941b', 1, 421101, NULL, '70213223', NULL, '2020-05-29 10:18:29'),
(5367, 'Пользователь 371', 'user371', '7c4a8d09ca3762af61e59520943dc26494f8941b', 1, 532212, NULL, '71323223', NULL, '2020-05-29 10:18:29'),
(5368, 'Пользователь 372', 'user372', '7c4a8d09ca3762af61e59520943dc26494f8941b', 1, 3003, NULL, '72433223', NULL, '2020-05-29 10:18:29'),
(5369, 'Пользователь 373', 'user373', '7c4a8d09ca3762af61e59520943dc26494f8941b', 1, 114114, NULL, '73543223', NULL, '2020-05-29 10:18:29'),
(5370, 'Пользователь 374', 'user374', '7c4a8d09ca3762af61e59520943dc26494f8941b', 1, 225205, NULL, '74653223', NULL, '2020-05-29 10:18:29'),
(5371, 'Пользователь 375', 'user375', '7c4a8d09ca3762af61e59520943dc26494f8941b', 1, 336016, NULL, '70763223', NULL, '2020-05-29 10:18:29'),
(5372, 'Пользователь 376', 'user376', '7c4a8d09ca3762af61e59520943dc26494f8941b', 1, 407107, NULL, '71073223', NULL, '2020-05-29 10:18:29'),
(5373, 'Пользователь 377', 'user377', '7c4a8d09ca3762af61e59520943dc26494f8941b', 1, 518218, NULL, '72183223', NULL, '2020-05-29 10:18:29'),
(5374, 'Пользователь 378', 'user378', '7c4a8d09ca3762af61e59520943dc26494f8941b', 1, 20000, NULL, '73203223', NULL, '2020-05-29 10:18:29'),
(5375, 'Пользователь 379', 'user379', '7c4a8d09ca3762af61e59520943dc26494f8941b', 1, 131111, NULL, '74313223', NULL, '2020-05-29 10:18:29'),
(5376, 'Пользователь 380', 'user380', '7c4a8d09ca3762af61e59520943dc26494f8941b', 1, 202202, NULL, '70423223', NULL, '2020-05-29 10:18:29'),
(5377, 'Пользователь 381', 'user381', '7c4a8d09ca3762af61e59520943dc26494f8941b', 1, 313013, NULL, '71533223', NULL, '2020-05-29 10:18:29'),
(5378, 'Пользователь 382', 'user382', '7c4a8d09ca3762af61e59520943dc26494f8941b', 1, 424104, NULL, '72643223', NULL, '2020-05-29 10:18:29'),
(5379, 'Пользователь 383', 'user383', '7c4a8d09ca3762af61e59520943dc26494f8941b', 1, 535215, NULL, '73753223', NULL, '2020-05-29 10:18:29'),
(5380, 'Пользователь 384', 'user384', '7c4a8d09ca3762af61e59520943dc26494f8941b', 1, 6006, NULL, '74063223', NULL, '2020-05-29 10:18:29'),
(5381, 'Пользователь 385', 'user385', '7c4a8d09ca3762af61e59520943dc26494f8941b', 1, 117117, NULL, '70173223', NULL, '2020-05-29 10:18:29'),
(5382, 'Пользователь 386', 'user386', '7c4a8d09ca3762af61e59520943dc26494f8941b', 1, 228208, NULL, '71283223', NULL, '2020-05-29 10:18:29'),
(5383, 'Пользователь 387', 'user387', '7c4a8d09ca3762af61e59520943dc26494f8941b', 1, 330010, NULL, '72303223', NULL, '2020-05-29 10:18:29'),
(5384, 'Пользователь 388', 'user388', '7c4a8d09ca3762af61e59520943dc26494f8941b', 1, 401101, NULL, '73413223', NULL, '2020-05-29 10:18:29'),
(5385, 'Пользователь 389', 'user389', '7c4a8d09ca3762af61e59520943dc26494f8941b', 1, 512212, NULL, '74523223', NULL, '2020-05-29 10:18:29'),
(5386, 'Пользователь 390', 'user390', '7c4a8d09ca3762af61e59520943dc26494f8941b', 1, 23003, NULL, '70633223', NULL, '2020-05-29 10:18:29'),
(5387, 'Пользователь 391', 'user391', '7c4a8d09ca3762af61e59520943dc26494f8941b', 1, 134114, NULL, '71743223', NULL, '2020-05-29 10:18:29'),
(5388, 'Пользователь 392', 'user392', '7c4a8d09ca3762af61e59520943dc26494f8941b', 1, 205205, NULL, '72053223', NULL, '2020-05-29 10:18:29'),
(5389, 'Пользователь 393', 'user393', '7c4a8d09ca3762af61e59520943dc26494f8941b', 1, 316016, NULL, '73163223', NULL, '2020-05-29 10:18:29'),
(5390, 'Пользователь 394', 'user394', '7c4a8d09ca3762af61e59520943dc26494f8941b', 1, 427107, NULL, '74273223', NULL, '2020-05-29 10:18:29'),
(5391, 'Пользователь 395', 'user395', '7c4a8d09ca3762af61e59520943dc26494f8941b', 1, 538218, NULL, '70383223', NULL, '2020-05-29 10:18:29'),
(5392, 'Пользователь 396', 'user396', '7c4a8d09ca3762af61e59520943dc26494f8941b', 1, 0, NULL, '71403223', NULL, '2020-05-29 10:18:29'),
(5393, 'Пользователь 397', 'user397', '7c4a8d09ca3762af61e59520943dc26494f8941b', 1, 111111, NULL, '72513223', NULL, '2020-05-29 10:18:29'),
(5394, 'Пользователь 398', 'user398', '7c4a8d09ca3762af61e59520943dc26494f8941b', 1, 222202, NULL, '73623223', NULL, '2020-05-29 10:18:29'),
(5395, 'Пользователь 399', 'user399', '7c4a8d09ca3762af61e59520943dc26494f8941b', 1, 333013, NULL, '74733223', NULL, '2020-05-29 10:18:29'),
(5396, 'Пользователь 400', 'user400', '7c4a8d09ca3762af61e59520943dc26494f8941b', 1, 404104, NULL, '70043223', NULL, '2020-05-29 10:18:29'),
(5397, 'Пользователь 401', 'user401', '7c4a8d09ca3762af61e59520943dc26494f8941b', 1, 515215, NULL, '71153223', NULL, '2020-05-29 10:18:29'),
(5398, 'Пользователь 402', 'user402', '7c4a8d09ca3762af61e59520943dc26494f8941b', 1, 26006, NULL, '72263223', NULL, '2020-05-29 10:18:29'),
(5399, 'Пользователь 403', 'user403', '7c4a8d09ca3762af61e59520943dc26494f8941b', 1, 137117, NULL, '73373223', NULL, '2020-05-29 10:18:29'),
(5400, 'Пользователь 404', 'user404', '7c4a8d09ca3762af61e59520943dc26494f8941b', 1, 208208, NULL, '74483223', NULL, '2020-05-29 10:18:29'),
(5401, 'Пользователь 405', 'user405', '7c4a8d09ca3762af61e59520943dc26494f8941b', 1, 310010, NULL, '70503223', NULL, '2020-05-29 10:18:29'),
(5402, 'Пользователь 406', 'user406', '7c4a8d09ca3762af61e59520943dc26494f8941b', 1, 421101, NULL, '71613223', NULL, '2020-05-29 10:18:29'),
(5403, 'Пользователь 407', 'user407', '7c4a8d09ca3762af61e59520943dc26494f8941b', 1, 532212, NULL, '72723223', NULL, '2020-05-29 10:18:29'),
(5404, 'Пользователь 408', 'user408', '7c4a8d09ca3762af61e59520943dc26494f8941b', 1, 3003, NULL, '73033223', NULL, '2020-05-29 10:18:29'),
(5405, 'Пользователь 409', 'user409', '7c4a8d09ca3762af61e59520943dc26494f8941b', 1, 114114, NULL, '74143223', NULL, '2020-05-29 10:18:29'),
(5406, 'Пользователь 410', 'user410', '7c4a8d09ca3762af61e59520943dc26494f8941b', 1, 225205, NULL, '70253223', NULL, '2020-05-29 10:18:29'),
(5407, 'Пользователь 411', 'user411', '7c4a8d09ca3762af61e59520943dc26494f8941b', 1, 336016, NULL, '71363223', NULL, '2020-05-29 10:18:29'),
(5408, 'Пользователь 412', 'user412', '7c4a8d09ca3762af61e59520943dc26494f8941b', 1, 407107, NULL, '72473223', NULL, '2020-05-29 10:18:29'),
(5409, 'Пользователь 413', 'user413', '7c4a8d09ca3762af61e59520943dc26494f8941b', 1, 518218, NULL, '73583223', NULL, '2020-05-29 10:18:29'),
(5410, 'Пользователь 414', 'user414', '7c4a8d09ca3762af61e59520943dc26494f8941b', 1, 20000, NULL, '74603223', NULL, '2020-05-29 10:18:29'),
(5411, 'Пользователь 415', 'user415', '7c4a8d09ca3762af61e59520943dc26494f8941b', 1, 131111, NULL, '70713223', NULL, '2020-05-29 10:18:29'),
(5412, 'Пользователь 416', 'user416', '7c4a8d09ca3762af61e59520943dc26494f8941b', 1, 202202, NULL, '71023223', NULL, '2020-05-29 10:18:29'),
(5413, 'Пользователь 417', 'user417', '7c4a8d09ca3762af61e59520943dc26494f8941b', 1, 313013, NULL, '72133223', NULL, '2020-05-29 10:18:29'),
(5414, 'Пользователь 418', 'user418', '7c4a8d09ca3762af61e59520943dc26494f8941b', 1, 424104, NULL, '73243223', NULL, '2020-05-29 10:18:29'),
(5415, 'Пользователь 419', 'user419', '7c4a8d09ca3762af61e59520943dc26494f8941b', 1, 535215, NULL, '74353223', NULL, '2020-05-29 10:18:29'),
(5416, 'Пользователь 420', 'user420', '7c4a8d09ca3762af61e59520943dc26494f8941b', 1, 6006, NULL, '70463223', NULL, '2020-05-29 10:18:29'),
(5417, 'Пользователь 421', 'user421', '7c4a8d09ca3762af61e59520943dc26494f8941b', 1, 117117, NULL, '71573223', NULL, '2020-05-29 10:18:29'),
(5418, 'Пользователь 422', 'user422', '7c4a8d09ca3762af61e59520943dc26494f8941b', 1, 228208, NULL, '72683223', NULL, '2020-05-29 10:18:29'),
(5419, 'Пользователь 423', 'user423', '7c4a8d09ca3762af61e59520943dc26494f8941b', 1, 330010, NULL, '73703223', NULL, '2020-05-29 10:18:29'),
(5420, 'Пользователь 424', 'user424', '7c4a8d09ca3762af61e59520943dc26494f8941b', 1, 401101, NULL, '74013223', NULL, '2020-05-29 10:18:30'),
(5421, 'Пользователь 425', 'user425', '7c4a8d09ca3762af61e59520943dc26494f8941b', 1, 512212, NULL, '70123223', NULL, '2020-05-29 10:18:30'),
(5422, 'Пользователь 426', 'user426', '7c4a8d09ca3762af61e59520943dc26494f8941b', 1, 23003, NULL, '71233223', NULL, '2020-05-29 10:18:30'),
(5423, 'Пользователь 427', 'user427', '7c4a8d09ca3762af61e59520943dc26494f8941b', 1, 134114, NULL, '72343223', NULL, '2020-05-29 10:18:30'),
(5424, 'Пользователь 428', 'user428', '7c4a8d09ca3762af61e59520943dc26494f8941b', 1, 205205, NULL, '73453223', NULL, '2020-05-29 10:18:30'),
(5425, 'Пользователь 429', 'user429', '7c4a8d09ca3762af61e59520943dc26494f8941b', 1, 316016, NULL, '74563223', NULL, '2020-05-29 10:18:30'),
(5426, 'Пользователь 430', 'user430', '7c4a8d09ca3762af61e59520943dc26494f8941b', 1, 427107, NULL, '70673223', NULL, '2020-05-29 10:18:30'),
(5427, 'Пользователь 431', 'user431', '7c4a8d09ca3762af61e59520943dc26494f8941b', 1, 538218, NULL, '71783223', NULL, '2020-05-29 10:18:30'),
(5428, 'Пользователь 432', 'user432', '7c4a8d09ca3762af61e59520943dc26494f8941b', 1, 0, NULL, '72003223', NULL, '2020-05-29 10:18:30'),
(5429, 'Пользователь 433', 'user433', '7c4a8d09ca3762af61e59520943dc26494f8941b', 1, 111111, NULL, '73113223', NULL, '2020-05-29 10:18:30'),
(5430, 'Пользователь 434', 'user434', '7c4a8d09ca3762af61e59520943dc26494f8941b', 1, 222202, NULL, '74223223', NULL, '2020-05-29 10:18:30'),
(5431, 'Пользователь 435', 'user435', '7c4a8d09ca3762af61e59520943dc26494f8941b', 1, 333013, NULL, '70333223', NULL, '2020-05-29 10:18:30'),
(5432, 'Пользователь 436', 'user436', '7c4a8d09ca3762af61e59520943dc26494f8941b', 1, 404104, NULL, '71443223', NULL, '2020-05-29 10:18:30'),
(5433, 'Пользователь 437', 'user437', '7c4a8d09ca3762af61e59520943dc26494f8941b', 1, 515215, NULL, '72553223', NULL, '2020-05-29 10:18:30'),
(5434, 'Пользователь 438', 'user438', '7c4a8d09ca3762af61e59520943dc26494f8941b', 1, 26006, NULL, '73663223', NULL, '2020-05-29 10:18:30'),
(5435, 'Пользователь 439', 'user439', '7c4a8d09ca3762af61e59520943dc26494f8941b', 1, 137117, NULL, '74773223', NULL, '2020-05-29 10:18:30'),
(5436, 'Пользователь 440', 'user440', '7c4a8d09ca3762af61e59520943dc26494f8941b', 1, 208208, NULL, '70083223', NULL, '2020-05-29 10:18:30'),
(5437, 'Пользователь 441', 'user441', '7c4a8d09ca3762af61e59520943dc26494f8941b', 1, 310010, NULL, '71103223', NULL, '2020-05-29 10:18:30'),
(5438, 'Пользователь 442', 'user442', '7c4a8d09ca3762af61e59520943dc26494f8941b', 1, 421101, NULL, '72213223', NULL, '2020-05-29 10:18:30'),
(5439, 'Пользователь 443', 'user443', '7c4a8d09ca3762af61e59520943dc26494f8941b', 1, 532212, NULL, '73323223', NULL, '2020-05-29 10:18:30'),
(5440, 'Пользователь 444', 'user444', '7c4a8d09ca3762af61e59520943dc26494f8941b', 1, 3003, NULL, '74433223', NULL, '2020-05-29 10:18:30'),
(5441, 'Пользователь 445', 'user445', '7c4a8d09ca3762af61e59520943dc26494f8941b', 1, 114114, NULL, '70543223', NULL, '2020-05-29 10:18:30'),
(5442, 'Пользователь 446', 'user446', '7c4a8d09ca3762af61e59520943dc26494f8941b', 1, 225205, NULL, '71653223', NULL, '2020-05-29 10:18:30'),
(5443, 'Пользователь 447', 'user447', '7c4a8d09ca3762af61e59520943dc26494f8941b', 1, 336016, NULL, '72763223', NULL, '2020-05-29 10:18:30'),
(5444, 'Пользователь 448', 'user448', '7c4a8d09ca3762af61e59520943dc26494f8941b', 1, 407107, NULL, '73073223', NULL, '2020-05-29 10:18:30'),
(5445, 'Пользователь 449', 'user449', '7c4a8d09ca3762af61e59520943dc26494f8941b', 1, 518218, NULL, '74183223', NULL, '2020-05-29 10:18:30'),
(5446, 'Пользователь 450', 'user450', '7c4a8d09ca3762af61e59520943dc26494f8941b', 1, 20000, NULL, '70203223', NULL, '2020-05-29 10:18:30'),
(5447, 'Пользователь 451', 'user451', '7c4a8d09ca3762af61e59520943dc26494f8941b', 1, 131111, NULL, '71313223', NULL, '2020-05-29 10:18:30'),
(5448, 'Пользователь 452', 'user452', '7c4a8d09ca3762af61e59520943dc26494f8941b', 1, 202202, NULL, '72423223', NULL, '2020-05-29 10:18:30'),
(5449, 'Пользователь 453', 'user453', '7c4a8d09ca3762af61e59520943dc26494f8941b', 1, 313013, NULL, '73533223', NULL, '2020-05-29 10:18:30'),
(5450, 'Пользователь 454', 'user454', '7c4a8d09ca3762af61e59520943dc26494f8941b', 1, 424104, NULL, '74643223', NULL, '2020-05-29 10:18:30'),
(5451, 'Пользователь 455', 'user455', '7c4a8d09ca3762af61e59520943dc26494f8941b', 1, 535215, NULL, '70753223', NULL, '2020-05-29 10:18:30'),
(5452, 'Пользователь 456', 'user456', '7c4a8d09ca3762af61e59520943dc26494f8941b', 1, 6006, NULL, '71063223', NULL, '2020-05-29 10:18:30'),
(5453, 'Пользователь 457', 'user457', '7c4a8d09ca3762af61e59520943dc26494f8941b', 1, 117117, NULL, '72173223', NULL, '2020-05-29 10:18:30'),
(5454, 'Пользователь 458', 'user458', '7c4a8d09ca3762af61e59520943dc26494f8941b', 1, 228208, NULL, '73283223', NULL, '2020-05-29 10:18:30'),
(5455, 'Пользователь 459', 'user459', '7c4a8d09ca3762af61e59520943dc26494f8941b', 1, 330010, NULL, '74303223', NULL, '2020-05-29 10:18:30'),
(5456, 'Пользователь 460', 'user460', '7c4a8d09ca3762af61e59520943dc26494f8941b', 1, 401101, NULL, '70413223', NULL, '2020-05-29 10:18:30'),
(5457, 'Пользователь 461', 'user461', '7c4a8d09ca3762af61e59520943dc26494f8941b', 1, 512212, NULL, '71523223', NULL, '2020-05-29 10:18:30'),
(5458, 'Пользователь 462', 'user462', '7c4a8d09ca3762af61e59520943dc26494f8941b', 1, 23003, NULL, '72633223', NULL, '2020-05-29 10:18:30'),
(5459, 'Пользователь 463', 'user463', '7c4a8d09ca3762af61e59520943dc26494f8941b', 1, 134114, NULL, '73743223', NULL, '2020-05-29 10:18:30'),
(5460, 'Пользователь 464', 'user464', '7c4a8d09ca3762af61e59520943dc26494f8941b', 1, 205205, NULL, '74053223', NULL, '2020-05-29 10:18:30'),
(5461, 'Пользователь 465', 'user465', '7c4a8d09ca3762af61e59520943dc26494f8941b', 1, 316016, NULL, '70163223', NULL, '2020-05-29 10:18:30'),
(5462, 'Пользователь 466', 'user466', '7c4a8d09ca3762af61e59520943dc26494f8941b', 1, 427107, NULL, '71273223', NULL, '2020-05-29 10:18:30'),
(5463, 'Пользователь 467', 'user467', '7c4a8d09ca3762af61e59520943dc26494f8941b', 1, 538218, NULL, '72383223', NULL, '2020-05-29 10:18:30'),
(5464, 'Пользователь 468', 'user468', '7c4a8d09ca3762af61e59520943dc26494f8941b', 1, 0, NULL, '73403223', NULL, '2020-05-29 10:18:30'),
(5465, 'Пользователь 469', 'user469', '7c4a8d09ca3762af61e59520943dc26494f8941b', 1, 111111, NULL, '74513223', NULL, '2020-05-29 10:18:30'),
(5466, 'Пользователь 470', 'user470', '7c4a8d09ca3762af61e59520943dc26494f8941b', 1, 222202, NULL, '70623223', NULL, '2020-05-29 10:18:30'),
(5467, 'Пользователь 471', 'user471', '7c4a8d09ca3762af61e59520943dc26494f8941b', 1, 333013, NULL, '71733223', NULL, '2020-05-29 10:18:30'),
(5468, 'Пользователь 472', 'user472', '7c4a8d09ca3762af61e59520943dc26494f8941b', 1, 404104, NULL, '72043223', NULL, '2020-05-29 10:18:30'),
(5469, 'Пользователь 473', 'user473', '7c4a8d09ca3762af61e59520943dc26494f8941b', 1, 515215, NULL, '73153223', NULL, '2020-05-29 10:18:30'),
(5470, 'Пользователь 474', 'user474', '7c4a8d09ca3762af61e59520943dc26494f8941b', 1, 26006, NULL, '74263223', NULL, '2020-05-29 10:18:30'),
(5471, 'Пользователь 475', 'user475', '7c4a8d09ca3762af61e59520943dc26494f8941b', 1, 137117, NULL, '70373223', NULL, '2020-05-29 10:18:30'),
(5472, 'Пользователь 476', 'user476', '7c4a8d09ca3762af61e59520943dc26494f8941b', 1, 208208, NULL, '71483223', NULL, '2020-05-29 10:18:30'),
(5473, 'Пользователь 477', 'user477', '7c4a8d09ca3762af61e59520943dc26494f8941b', 1, 310010, NULL, '72503223', NULL, '2020-05-29 10:18:30'),
(5474, 'Пользователь 478', 'user478', '7c4a8d09ca3762af61e59520943dc26494f8941b', 1, 421101, NULL, '73613223', NULL, '2020-05-29 10:18:30'),
(5475, 'Пользователь 479', 'user479', '7c4a8d09ca3762af61e59520943dc26494f8941b', 1, 532212, NULL, '74723223', NULL, '2020-05-29 10:18:30'),
(5476, 'Пользователь 480', 'user480', '7c4a8d09ca3762af61e59520943dc26494f8941b', 1, 3003, NULL, '70033223', NULL, '2020-05-29 10:18:30'),
(5477, 'Пользователь 481', 'user481', '7c4a8d09ca3762af61e59520943dc26494f8941b', 1, 114114, NULL, '71143223', NULL, '2020-05-29 10:18:30'),
(5478, 'Пользователь 482', 'user482', '7c4a8d09ca3762af61e59520943dc26494f8941b', 1, 225205, NULL, '72253223', NULL, '2020-05-29 10:18:30'),
(5479, 'Пользователь 483', 'user483', '7c4a8d09ca3762af61e59520943dc26494f8941b', 1, 336016, NULL, '73363223', NULL, '2020-05-29 10:18:30'),
(5480, 'Пользователь 484', 'user484', '7c4a8d09ca3762af61e59520943dc26494f8941b', 1, 407107, NULL, '74473223', NULL, '2020-05-29 10:18:30'),
(5481, 'Пользователь 485', 'user485', '7c4a8d09ca3762af61e59520943dc26494f8941b', 1, 518218, NULL, '70583223', NULL, '2020-05-29 10:18:30'),
(5482, 'Пользователь 486', 'user486', '7c4a8d09ca3762af61e59520943dc26494f8941b', 1, 20000, NULL, '71603223', NULL, '2020-05-29 10:18:30'),
(5483, 'Пользователь 487', 'user487', '7c4a8d09ca3762af61e59520943dc26494f8941b', 1, 131111, NULL, '72713223', NULL, '2020-05-29 10:18:30'),
(5484, 'Пользователь 488', 'user488', '7c4a8d09ca3762af61e59520943dc26494f8941b', 1, 202202, NULL, '73023223', NULL, '2020-05-29 10:18:30'),
(5485, 'Пользователь 489', 'user489', '7c4a8d09ca3762af61e59520943dc26494f8941b', 1, 313013, NULL, '74133223', NULL, '2020-05-29 10:18:30'),
(5486, 'Пользователь 490', 'user490', '7c4a8d09ca3762af61e59520943dc26494f8941b', 1, 424104, NULL, '70243223', NULL, '2020-05-29 10:18:30'),
(5487, 'Пользователь 491', 'user491', '7c4a8d09ca3762af61e59520943dc26494f8941b', 1, 535215, NULL, '71353223', NULL, '2020-05-29 10:18:30'),
(5488, 'Пользователь 492', 'user492', '7c4a8d09ca3762af61e59520943dc26494f8941b', 1, 6006, NULL, '72463223', NULL, '2020-05-29 10:18:30'),
(5489, 'Пользователь 493', 'user493', '7c4a8d09ca3762af61e59520943dc26494f8941b', 1, 117117, NULL, '73573223', NULL, '2020-05-29 10:18:30'),
(5490, 'Пользователь 494', 'user494', '7c4a8d09ca3762af61e59520943dc26494f8941b', 1, 228208, NULL, '74683223', NULL, '2020-05-29 10:18:30'),
(5491, 'Пользователь 495', 'user495', '7c4a8d09ca3762af61e59520943dc26494f8941b', 1, 330010, NULL, '70703223', NULL, '2020-05-29 10:18:30'),
(5492, 'Пользователь 496', 'user496', '7c4a8d09ca3762af61e59520943dc26494f8941b', 1, 401101, NULL, '71013223', NULL, '2020-05-29 10:18:30'),
(5493, 'Пользователь 497', 'user497', '7c4a8d09ca3762af61e59520943dc26494f8941b', 1, 512212, NULL, '72123223', NULL, '2020-05-29 10:18:30'),
(5494, 'Пользователь 498', 'user498', '7c4a8d09ca3762af61e59520943dc26494f8941b', 1, 23003, NULL, '73233223', NULL, '2020-05-29 10:18:30'),
(5495, 'Пользователь 499', 'user499', '7c4a8d09ca3762af61e59520943dc26494f8941b', 1, 134114, NULL, '74343223', NULL, '2020-05-29 10:18:30'),
(5496, 'Пользователь 500', 'user500', '7c4a8d09ca3762af61e59520943dc26494f8941b', 1, 205205, NULL, '70453223', NULL, '2020-05-29 10:18:30'),
(5497, 'Пользователь 501', 'user501', '7c4a8d09ca3762af61e59520943dc26494f8941b', 1, 316016, NULL, '71563223', NULL, '2020-05-29 10:18:30'),
(5498, 'Пользователь 502', 'user502', '7c4a8d09ca3762af61e59520943dc26494f8941b', 1, 427107, NULL, '72673223', NULL, '2020-05-29 10:18:30'),
(5499, 'Пользователь 503', 'user503', '7c4a8d09ca3762af61e59520943dc26494f8941b', 1, 538218, NULL, '73783223', NULL, '2020-05-29 10:18:30'),
(5500, 'Пользователь 504', 'user504', '7c4a8d09ca3762af61e59520943dc26494f8941b', 1, 0, NULL, '74003223', NULL, '2020-05-29 10:18:30'),
(5501, 'Пользователь 505', 'user505', '7c4a8d09ca3762af61e59520943dc26494f8941b', 1, 111111, NULL, '70113223', NULL, '2020-05-29 10:18:30'),
(5502, 'Пользователь 506', 'user506', '7c4a8d09ca3762af61e59520943dc26494f8941b', 1, 222202, NULL, '71223223', NULL, '2020-05-29 10:18:30'),
(5503, 'Пользователь 507', 'user507', '7c4a8d09ca3762af61e59520943dc26494f8941b', 1, 333013, NULL, '72333223', NULL, '2020-05-29 10:18:30'),
(5504, 'Пользователь 508', 'user508', '7c4a8d09ca3762af61e59520943dc26494f8941b', 1, 404104, NULL, '73443223', NULL, '2020-05-29 10:18:30'),
(5505, 'Пользователь 509', 'user509', '7c4a8d09ca3762af61e59520943dc26494f8941b', 1, 515215, NULL, '74553223', NULL, '2020-05-29 10:18:30'),
(5506, 'Пользователь 510', 'user510', '7c4a8d09ca3762af61e59520943dc26494f8941b', 1, 26006, NULL, '70663223', NULL, '2020-05-29 10:18:30'),
(5507, 'Пользователь 511', 'user511', '7c4a8d09ca3762af61e59520943dc26494f8941b', 1, 137117, NULL, '71773223', NULL, '2020-05-29 10:18:30'),
(5508, 'Пользователь 512', 'user512', '7c4a8d09ca3762af61e59520943dc26494f8941b', 1, 208208, NULL, '72083223', NULL, '2020-05-29 10:18:30'),
(5509, 'Пользователь 513', 'user513', '7c4a8d09ca3762af61e59520943dc26494f8941b', 1, 310010, NULL, '73103223', NULL, '2020-05-29 10:18:30'),
(5510, 'Пользователь 514', 'user514', '7c4a8d09ca3762af61e59520943dc26494f8941b', 1, 421101, NULL, '74213223', NULL, '2020-05-29 10:18:30'),
(5511, 'Пользователь 515', 'user515', '7c4a8d09ca3762af61e59520943dc26494f8941b', 1, 532212, NULL, '70323223', NULL, '2020-05-29 10:18:30'),
(5512, 'Пользователь 516', 'user516', '7c4a8d09ca3762af61e59520943dc26494f8941b', 1, 3003, NULL, '71433223', NULL, '2020-05-29 10:18:30'),
(5513, 'Пользователь 517', 'user517', '7c4a8d09ca3762af61e59520943dc26494f8941b', 1, 114114, NULL, '72543223', NULL, '2020-05-29 10:18:30'),
(5514, 'Пользователь 518', 'user518', '7c4a8d09ca3762af61e59520943dc26494f8941b', 1, 225205, NULL, '73653223', NULL, '2020-05-29 10:18:30'),
(5515, 'Пользователь 519', 'user519', '7c4a8d09ca3762af61e59520943dc26494f8941b', 1, 336016, NULL, '74763223', NULL, '2020-05-29 10:18:30'),
(5516, 'Пользователь 520', 'user520', '7c4a8d09ca3762af61e59520943dc26494f8941b', 1, 407107, NULL, '70073223', NULL, '2020-05-29 10:18:30'),
(5517, 'Пользователь 521', 'user521', '7c4a8d09ca3762af61e59520943dc26494f8941b', 1, 518218, NULL, '71183223', NULL, '2020-05-29 10:18:30'),
(5518, 'Пользователь 522', 'user522', '7c4a8d09ca3762af61e59520943dc26494f8941b', 1, 20000, NULL, '72203223', NULL, '2020-05-29 10:18:30'),
(5519, 'Пользователь 523', 'user523', '7c4a8d09ca3762af61e59520943dc26494f8941b', 1, 131111, NULL, '73313223', NULL, '2020-05-29 10:18:30'),
(5520, 'Пользователь 524', 'user524', '7c4a8d09ca3762af61e59520943dc26494f8941b', 1, 202202, NULL, '74423223', NULL, '2020-05-29 10:18:30'),
(5521, 'Пользователь 525', 'user525', '7c4a8d09ca3762af61e59520943dc26494f8941b', 1, 313013, NULL, '70533223', NULL, '2020-05-29 10:18:30'),
(5522, 'Пользователь 526', 'user526', '7c4a8d09ca3762af61e59520943dc26494f8941b', 1, 424104, NULL, '71643223', NULL, '2020-05-29 10:18:30'),
(5523, 'Пользователь 527', 'user527', '7c4a8d09ca3762af61e59520943dc26494f8941b', 1, 535215, NULL, '72753223', NULL, '2020-05-29 10:18:30'),
(5524, 'Пользователь 528', 'user528', '7c4a8d09ca3762af61e59520943dc26494f8941b', 1, 6006, NULL, '73063223', NULL, '2020-05-29 10:18:30'),
(5525, 'Пользователь 529', 'user529', '7c4a8d09ca3762af61e59520943dc26494f8941b', 1, 117117, NULL, '74173223', NULL, '2020-05-29 10:18:30'),
(5526, 'Пользователь 530', 'user530', '7c4a8d09ca3762af61e59520943dc26494f8941b', 1, 228208, NULL, '70283223', NULL, '2020-05-29 10:18:30'),
(5527, 'Пользователь 531', 'user531', '7c4a8d09ca3762af61e59520943dc26494f8941b', 1, 330010, NULL, '71303223', NULL, '2020-05-29 10:18:30'),
(5528, 'Пользователь 532', 'user532', '7c4a8d09ca3762af61e59520943dc26494f8941b', 1, 401101, NULL, '72413223', NULL, '2020-05-29 10:18:30'),
(5529, 'Пользователь 533', 'user533', '7c4a8d09ca3762af61e59520943dc26494f8941b', 1, 512212, NULL, '73523223', NULL, '2020-05-29 10:18:30'),
(5530, 'Пользователь 534', 'user534', '7c4a8d09ca3762af61e59520943dc26494f8941b', 1, 23003, NULL, '74633223', NULL, '2020-05-29 10:18:30'),
(5531, 'Пользователь 535', 'user535', '7c4a8d09ca3762af61e59520943dc26494f8941b', 1, 134114, NULL, '70743223', NULL, '2020-05-29 10:18:30'),
(5532, 'Пользователь 536', 'user536', '7c4a8d09ca3762af61e59520943dc26494f8941b', 1, 205205, NULL, '71053223', NULL, '2020-05-29 10:18:30'),
(5533, 'Пользователь 537', 'user537', '7c4a8d09ca3762af61e59520943dc26494f8941b', 1, 316016, NULL, '72163223', NULL, '2020-05-29 10:18:31'),
(5534, 'Пользователь 538', 'user538', '7c4a8d09ca3762af61e59520943dc26494f8941b', 1, 427107, NULL, '73273223', NULL, '2020-05-29 10:18:31'),
(5535, 'Пользователь 539', 'user539', '7c4a8d09ca3762af61e59520943dc26494f8941b', 1, 538218, NULL, '74383223', NULL, '2020-05-29 10:18:31'),
(5536, 'Пользователь 540', 'user540', '7c4a8d09ca3762af61e59520943dc26494f8941b', 1, 0, NULL, '70403223', NULL, '2020-05-29 10:18:31'),
(5537, 'Пользователь 541', 'user541', '7c4a8d09ca3762af61e59520943dc26494f8941b', 1, 111111, NULL, '71513223', NULL, '2020-05-29 10:18:31'),
(5538, 'Пользователь 542', 'user542', '7c4a8d09ca3762af61e59520943dc26494f8941b', 1, 222202, NULL, '72623223', NULL, '2020-05-29 10:18:31'),
(5539, 'Пользователь 543', 'user543', '7c4a8d09ca3762af61e59520943dc26494f8941b', 1, 333013, NULL, '73733223', NULL, '2020-05-29 10:18:31'),
(5540, 'Пользователь 544', 'user544', '7c4a8d09ca3762af61e59520943dc26494f8941b', 1, 404104, NULL, '74043223', NULL, '2020-05-29 10:18:31'),
(5541, 'Пользователь 545', 'user545', '7c4a8d09ca3762af61e59520943dc26494f8941b', 1, 515215, NULL, '70153223', NULL, '2020-05-29 10:18:31'),
(5542, 'Пользователь 546', 'user546', '7c4a8d09ca3762af61e59520943dc26494f8941b', 1, 26006, NULL, '71263223', NULL, '2020-05-29 10:18:31'),
(5543, 'Пользователь 547', 'user547', '7c4a8d09ca3762af61e59520943dc26494f8941b', 1, 137117, NULL, '72373223', NULL, '2020-05-29 10:18:31'),
(5544, 'Пользователь 548', 'user548', '7c4a8d09ca3762af61e59520943dc26494f8941b', 1, 208208, NULL, '73483223', NULL, '2020-05-29 10:18:31'),
(5545, 'Пользователь 549', 'user549', '7c4a8d09ca3762af61e59520943dc26494f8941b', 1, 310010, NULL, '74503223', NULL, '2020-05-29 10:18:31'),
(5546, 'Пользователь 550', 'user550', '7c4a8d09ca3762af61e59520943dc26494f8941b', 1, 421101, NULL, '70613223', NULL, '2020-05-29 10:18:31'),
(5547, 'Пользователь 551', 'user551', '7c4a8d09ca3762af61e59520943dc26494f8941b', 1, 532212, NULL, '71723223', NULL, '2020-05-29 10:18:31'),
(5548, 'Пользователь 552', 'user552', '7c4a8d09ca3762af61e59520943dc26494f8941b', 1, 3003, NULL, '72033223', NULL, '2020-05-29 10:18:31'),
(5549, 'Пользователь 553', 'user553', '7c4a8d09ca3762af61e59520943dc26494f8941b', 1, 114114, NULL, '73143223', NULL, '2020-05-29 10:18:31'),
(5550, 'Пользователь 554', 'user554', '7c4a8d09ca3762af61e59520943dc26494f8941b', 1, 225205, NULL, '74253223', NULL, '2020-05-29 10:18:31'),
(5551, 'Пользователь 555', 'user555', '7c4a8d09ca3762af61e59520943dc26494f8941b', 1, 336016, NULL, '70363223', NULL, '2020-05-29 10:18:31'),
(5552, 'Пользователь 556', 'user556', '7c4a8d09ca3762af61e59520943dc26494f8941b', 1, 407107, NULL, '71473223', NULL, '2020-05-29 10:18:31'),
(5553, 'Пользователь 557', 'user557', '7c4a8d09ca3762af61e59520943dc26494f8941b', 1, 518218, NULL, '72583223', NULL, '2020-05-29 10:18:31'),
(5554, 'Пользователь 558', 'user558', '7c4a8d09ca3762af61e59520943dc26494f8941b', 1, 20000, NULL, '73603223', NULL, '2020-05-29 10:18:31'),
(5555, 'Пользователь 559', 'user559', '7c4a8d09ca3762af61e59520943dc26494f8941b', 1, 131111, NULL, '74713223', NULL, '2020-05-29 10:18:31'),
(5556, 'Пользователь 560', 'user560', '7c4a8d09ca3762af61e59520943dc26494f8941b', 1, 202202, NULL, '70023223', NULL, '2020-05-29 10:18:31'),
(5557, 'Пользователь 561', 'user561', '7c4a8d09ca3762af61e59520943dc26494f8941b', 1, 313013, NULL, '71133223', NULL, '2020-05-29 10:18:31'),
(5558, 'Пользователь 562', 'user562', '7c4a8d09ca3762af61e59520943dc26494f8941b', 1, 424104, NULL, '72243223', NULL, '2020-05-29 10:18:31'),
(5559, 'Пользователь 563', 'user563', '7c4a8d09ca3762af61e59520943dc26494f8941b', 1, 535215, NULL, '73353223', NULL, '2020-05-29 10:18:31'),
(5560, 'Пользователь 564', 'user564', '7c4a8d09ca3762af61e59520943dc26494f8941b', 1, 6006, NULL, '74463223', NULL, '2020-05-29 10:18:31'),
(5561, 'Пользователь 565', 'user565', '7c4a8d09ca3762af61e59520943dc26494f8941b', 1, 117117, NULL, '70573223', NULL, '2020-05-29 10:18:31'),
(5562, 'Пользователь 566', 'user566', '7c4a8d09ca3762af61e59520943dc26494f8941b', 1, 228208, NULL, '71683223', NULL, '2020-05-29 10:18:31'),
(5563, 'Пользователь 567', 'user567', '7c4a8d09ca3762af61e59520943dc26494f8941b', 1, 330010, NULL, '72703223', NULL, '2020-05-29 10:18:31'),
(5564, 'Пользователь 568', 'user568', '7c4a8d09ca3762af61e59520943dc26494f8941b', 1, 401101, NULL, '73013223', NULL, '2020-05-29 10:18:31'),
(5565, 'Пользователь 569', 'user569', '7c4a8d09ca3762af61e59520943dc26494f8941b', 1, 512212, NULL, '74123223', NULL, '2020-05-29 10:18:31'),
(5566, 'Пользователь 570', 'user570', '7c4a8d09ca3762af61e59520943dc26494f8941b', 1, 23003, NULL, '70233223', NULL, '2020-05-29 10:18:31'),
(5567, 'Пользователь 571', 'user571', '7c4a8d09ca3762af61e59520943dc26494f8941b', 1, 134114, NULL, '71343223', NULL, '2020-05-29 10:18:31'),
(5568, 'Пользователь 572', 'user572', '7c4a8d09ca3762af61e59520943dc26494f8941b', 1, 205205, NULL, '72453223', NULL, '2020-05-29 10:18:31'),
(5569, 'Пользователь 573', 'user573', '7c4a8d09ca3762af61e59520943dc26494f8941b', 1, 316016, NULL, '73563223', NULL, '2020-05-29 10:18:31'),
(5570, 'Пользователь 574', 'user574', '7c4a8d09ca3762af61e59520943dc26494f8941b', 1, 427107, NULL, '74673223', NULL, '2020-05-29 10:18:31'),
(5571, 'Пользователь 575', 'user575', '7c4a8d09ca3762af61e59520943dc26494f8941b', 1, 538218, NULL, '70783223', NULL, '2020-05-29 10:18:31'),
(5572, 'Пользователь 576', 'user576', '7c4a8d09ca3762af61e59520943dc26494f8941b', 1, 0, NULL, '71003223', NULL, '2020-05-29 10:18:31'),
(5573, 'Пользователь 577', 'user577', '7c4a8d09ca3762af61e59520943dc26494f8941b', 1, 111111, NULL, '72113223', NULL, '2020-05-29 10:18:31'),
(5574, 'Пользователь 578', 'user578', '7c4a8d09ca3762af61e59520943dc26494f8941b', 1, 222202, NULL, '73223223', NULL, '2020-05-29 10:18:31'),
(5575, 'Пользователь 579', 'user579', '7c4a8d09ca3762af61e59520943dc26494f8941b', 1, 333013, NULL, '74333223', NULL, '2020-05-29 10:18:31'),
(5576, 'Пользователь 580', 'user580', '7c4a8d09ca3762af61e59520943dc26494f8941b', 1, 404104, NULL, '70443223', NULL, '2020-05-29 10:18:31'),
(5577, 'Пользователь 581', 'user581', '7c4a8d09ca3762af61e59520943dc26494f8941b', 1, 515215, NULL, '71553223', NULL, '2020-05-29 10:18:31'),
(5578, 'Пользователь 582', 'user582', '7c4a8d09ca3762af61e59520943dc26494f8941b', 1, 26006, NULL, '72663223', NULL, '2020-05-29 10:18:31'),
(5579, 'Пользователь 583', 'user583', '7c4a8d09ca3762af61e59520943dc26494f8941b', 1, 137117, NULL, '73773223', NULL, '2020-05-29 10:18:31'),
(5580, 'Пользователь 584', 'user584', '7c4a8d09ca3762af61e59520943dc26494f8941b', 1, 208208, NULL, '74083223', NULL, '2020-05-29 10:18:31'),
(5581, 'Пользователь 585', 'user585', '7c4a8d09ca3762af61e59520943dc26494f8941b', 1, 310010, NULL, '70103223', NULL, '2020-05-29 10:18:31'),
(5582, 'Пользователь 586', 'user586', '7c4a8d09ca3762af61e59520943dc26494f8941b', 1, 421101, NULL, '71213223', NULL, '2020-05-29 10:18:31'),
(5583, 'Пользователь 587', 'user587', '7c4a8d09ca3762af61e59520943dc26494f8941b', 1, 532212, NULL, '72323223', NULL, '2020-05-29 10:18:31'),
(5584, 'Пользователь 588', 'user588', '7c4a8d09ca3762af61e59520943dc26494f8941b', 1, 3003, NULL, '73433223', NULL, '2020-05-29 10:18:31'),
(5585, 'Пользователь 589', 'user589', '7c4a8d09ca3762af61e59520943dc26494f8941b', 1, 114114, NULL, '74543223', NULL, '2020-05-29 10:18:31'),
(5586, 'Пользователь 590', 'user590', '7c4a8d09ca3762af61e59520943dc26494f8941b', 1, 225205, NULL, '70653223', NULL, '2020-05-29 10:18:31'),
(5587, 'Пользователь 591', 'user591', '7c4a8d09ca3762af61e59520943dc26494f8941b', 1, 336016, NULL, '71763223', NULL, '2020-05-29 10:18:31'),
(5588, 'Пользователь 592', 'user592', '7c4a8d09ca3762af61e59520943dc26494f8941b', 1, 407107, NULL, '72073223', NULL, '2020-05-29 10:18:31'),
(5589, 'Пользователь 593', 'user593', '7c4a8d09ca3762af61e59520943dc26494f8941b', 1, 518218, NULL, '73183223', NULL, '2020-05-29 10:18:31'),
(5590, 'Пользователь 594', 'user594', '7c4a8d09ca3762af61e59520943dc26494f8941b', 1, 20000, NULL, '74203223', NULL, '2020-05-29 10:18:31'),
(5591, 'Пользователь 595', 'user595', '7c4a8d09ca3762af61e59520943dc26494f8941b', 1, 131111, NULL, '70313223', NULL, '2020-05-29 10:18:31'),
(5592, 'Пользователь 596', 'user596', '7c4a8d09ca3762af61e59520943dc26494f8941b', 1, 202202, NULL, '71423223', NULL, '2020-05-29 10:18:31'),
(5593, 'Пользователь 597', 'user597', '7c4a8d09ca3762af61e59520943dc26494f8941b', 1, 313013, NULL, '72533223', NULL, '2020-05-29 10:18:31'),
(5594, 'Пользователь 598', 'user598', '7c4a8d09ca3762af61e59520943dc26494f8941b', 1, 424104, NULL, '73643223', NULL, '2020-05-29 10:18:31'),
(5595, 'Пользователь 599', 'user599', '7c4a8d09ca3762af61e59520943dc26494f8941b', 1, 535215, NULL, '74753223', NULL, '2020-05-29 10:18:31'),
(5596, 'Пользователь 600', 'user600', '7c4a8d09ca3762af61e59520943dc26494f8941b', 1, 6006, NULL, '70063223', NULL, '2020-05-29 10:18:31'),
(5597, 'Пользователь 601', 'user601', '7c4a8d09ca3762af61e59520943dc26494f8941b', 1, 117117, NULL, '71173223', NULL, '2020-05-29 10:18:31'),
(5598, 'Пользователь 602', 'user602', '7c4a8d09ca3762af61e59520943dc26494f8941b', 1, 228208, NULL, '72283223', NULL, '2020-05-29 10:18:31'),
(5599, 'Пользователь 603', 'user603', '7c4a8d09ca3762af61e59520943dc26494f8941b', 1, 330010, NULL, '73303223', NULL, '2020-05-29 10:18:31'),
(5600, 'Пользователь 604', 'user604', '7c4a8d09ca3762af61e59520943dc26494f8941b', 1, 401101, NULL, '74413223', NULL, '2020-05-29 10:18:31'),
(5601, 'Пользователь 605', 'user605', '7c4a8d09ca3762af61e59520943dc26494f8941b', 1, 512212, NULL, '70523223', NULL, '2020-05-29 10:18:31'),
(5602, 'Пользователь 606', 'user606', '7c4a8d09ca3762af61e59520943dc26494f8941b', 1, 23003, NULL, '71633223', NULL, '2020-05-29 10:18:31'),
(5603, 'Пользователь 607', 'user607', '7c4a8d09ca3762af61e59520943dc26494f8941b', 1, 134114, NULL, '72743223', NULL, '2020-05-29 10:18:31'),
(5604, 'Пользователь 608', 'user608', '7c4a8d09ca3762af61e59520943dc26494f8941b', 1, 205205, NULL, '73053223', NULL, '2020-05-29 10:18:31'),
(5605, 'Пользователь 609', 'user609', '7c4a8d09ca3762af61e59520943dc26494f8941b', 1, 316016, NULL, '74163223', NULL, '2020-05-29 10:18:31'),
(5606, 'Пользователь 610', 'user610', '7c4a8d09ca3762af61e59520943dc26494f8941b', 1, 427107, NULL, '70273223', NULL, '2020-05-29 10:18:31'),
(5607, 'Пользователь 611', 'user611', '7c4a8d09ca3762af61e59520943dc26494f8941b', 1, 538218, NULL, '71383223', NULL, '2020-05-29 10:18:31'),
(5608, 'Пользователь 612', 'user612', '7c4a8d09ca3762af61e59520943dc26494f8941b', 1, 0, NULL, '72403223', NULL, '2020-05-29 10:18:31'),
(5609, 'Пользователь 613', 'user613', '7c4a8d09ca3762af61e59520943dc26494f8941b', 1, 111111, NULL, '73513223', NULL, '2020-05-29 10:18:31'),
(5610, 'Пользователь 614', 'user614', '7c4a8d09ca3762af61e59520943dc26494f8941b', 1, 222202, NULL, '74623223', NULL, '2020-05-29 10:18:31'),
(5611, 'Пользователь 615', 'user615', '7c4a8d09ca3762af61e59520943dc26494f8941b', 1, 333013, NULL, '70733223', NULL, '2020-05-29 10:18:31'),
(5612, 'Пользователь 616', 'user616', '7c4a8d09ca3762af61e59520943dc26494f8941b', 1, 404104, NULL, '71043223', NULL, '2020-05-29 10:18:31'),
(5613, 'Пользователь 617', 'user617', '7c4a8d09ca3762af61e59520943dc26494f8941b', 1, 515215, NULL, '72153223', NULL, '2020-05-29 10:18:31'),
(5614, 'Пользователь 618', 'user618', '7c4a8d09ca3762af61e59520943dc26494f8941b', 1, 26006, NULL, '73263223', NULL, '2020-05-29 10:18:31'),
(5615, 'Пользователь 619', 'user619', '7c4a8d09ca3762af61e59520943dc26494f8941b', 1, 137117, NULL, '74373223', NULL, '2020-05-29 10:18:31'),
(5616, 'Пользователь 620', 'user620', '7c4a8d09ca3762af61e59520943dc26494f8941b', 1, 208208, NULL, '70483223', NULL, '2020-05-29 10:18:31'),
(5617, 'Пользователь 621', 'user621', '7c4a8d09ca3762af61e59520943dc26494f8941b', 1, 310010, NULL, '71503223', NULL, '2020-05-29 10:18:31'),
(5618, 'Пользователь 622', 'user622', '7c4a8d09ca3762af61e59520943dc26494f8941b', 1, 421101, NULL, '72613223', NULL, '2020-05-29 10:18:31'),
(5619, 'Пользователь 623', 'user623', '7c4a8d09ca3762af61e59520943dc26494f8941b', 1, 532212, NULL, '73723223', NULL, '2020-05-29 10:18:31'),
(5620, 'Пользователь 624', 'user624', '7c4a8d09ca3762af61e59520943dc26494f8941b', 1, 3003, NULL, '74033223', NULL, '2020-05-29 10:18:31'),
(5621, 'Пользователь 625', 'user625', '7c4a8d09ca3762af61e59520943dc26494f8941b', 1, 114114, NULL, '70143223', NULL, '2020-05-29 10:18:31'),
(5622, 'Пользователь 626', 'user626', '7c4a8d09ca3762af61e59520943dc26494f8941b', 1, 225205, NULL, '71253223', NULL, '2020-05-29 10:18:31'),
(5623, 'Пользователь 627', 'user627', '7c4a8d09ca3762af61e59520943dc26494f8941b', 1, 336016, NULL, '72363223', NULL, '2020-05-29 10:18:31'),
(5624, 'Пользователь 628', 'user628', '7c4a8d09ca3762af61e59520943dc26494f8941b', 1, 407107, NULL, '73473223', NULL, '2020-05-29 10:18:31'),
(5625, 'Пользователь 629', 'user629', '7c4a8d09ca3762af61e59520943dc26494f8941b', 1, 518218, NULL, '74583223', NULL, '2020-05-29 10:18:31'),
(5626, 'Пользователь 630', 'user630', '7c4a8d09ca3762af61e59520943dc26494f8941b', 1, 20000, NULL, '70603223', NULL, '2020-05-29 10:18:31'),
(5627, 'Пользователь 631', 'user631', '7c4a8d09ca3762af61e59520943dc26494f8941b', 1, 131111, NULL, '71713223', NULL, '2020-05-29 10:18:31'),
(5628, 'Пользователь 632', 'user632', '7c4a8d09ca3762af61e59520943dc26494f8941b', 1, 202202, NULL, '72023223', NULL, '2020-05-29 10:18:31'),
(5629, 'Пользователь 633', 'user633', '7c4a8d09ca3762af61e59520943dc26494f8941b', 1, 313013, NULL, '73133223', NULL, '2020-05-29 10:18:31'),
(5630, 'Пользователь 634', 'user634', '7c4a8d09ca3762af61e59520943dc26494f8941b', 1, 424104, NULL, '74243223', NULL, '2020-05-29 10:18:31'),
(5631, 'Пользователь 635', 'user635', '7c4a8d09ca3762af61e59520943dc26494f8941b', 1, 535215, NULL, '70353223', NULL, '2020-05-29 10:18:31'),
(5632, 'Пользователь 636', 'user636', '7c4a8d09ca3762af61e59520943dc26494f8941b', 1, 6006, NULL, '71463223', NULL, '2020-05-29 10:18:31'),
(5633, 'Пользователь 637', 'user637', '7c4a8d09ca3762af61e59520943dc26494f8941b', 1, 117117, NULL, '72573223', NULL, '2020-05-29 10:18:31'),
(5634, 'Пользователь 638', 'user638', '7c4a8d09ca3762af61e59520943dc26494f8941b', 1, 228208, NULL, '73683223', NULL, '2020-05-29 10:18:31'),
(5635, 'Пользователь 639', 'user639', '7c4a8d09ca3762af61e59520943dc26494f8941b', 1, 330010, NULL, '74703223', NULL, '2020-05-29 10:18:31'),
(5636, 'Пользователь 640', 'user640', '7c4a8d09ca3762af61e59520943dc26494f8941b', 1, 401101, NULL, '70013223', NULL, '2020-05-29 10:18:31'),
(5637, 'Пользователь 641', 'user641', '7c4a8d09ca3762af61e59520943dc26494f8941b', 1, 512212, NULL, '71123223', NULL, '2020-05-29 10:18:31'),
(5638, 'Пользователь 642', 'user642', '7c4a8d09ca3762af61e59520943dc26494f8941b', 1, 23003, NULL, '72233223', NULL, '2020-05-29 10:18:31'),
(5639, 'Пользователь 643', 'user643', '7c4a8d09ca3762af61e59520943dc26494f8941b', 1, 134114, NULL, '73343223', NULL, '2020-05-29 10:18:31'),
(5640, 'Пользователь 644', 'user644', '7c4a8d09ca3762af61e59520943dc26494f8941b', 1, 205205, NULL, '74453223', NULL, '2020-05-29 10:18:31'),
(5641, 'Пользователь 645', 'user645', '7c4a8d09ca3762af61e59520943dc26494f8941b', 1, 316016, NULL, '70563223', NULL, '2020-05-29 10:18:31'),
(5642, 'Пользователь 646', 'user646', '7c4a8d09ca3762af61e59520943dc26494f8941b', 1, 427107, NULL, '71673223', NULL, '2020-05-29 10:18:31'),
(5643, 'Пользователь 647', 'user647', '7c4a8d09ca3762af61e59520943dc26494f8941b', 1, 538218, NULL, '72783223', NULL, '2020-05-29 10:18:31'),
(5644, 'Пользователь 648', 'user648', '7c4a8d09ca3762af61e59520943dc26494f8941b', 1, 0, NULL, '73003223', NULL, '2020-05-29 10:18:31'),
(5645, 'Пользователь 649', 'user649', '7c4a8d09ca3762af61e59520943dc26494f8941b', 1, 111111, NULL, '74113223', NULL, '2020-05-29 10:18:31'),
(5646, 'Пользователь 650', 'user650', '7c4a8d09ca3762af61e59520943dc26494f8941b', 1, 222202, NULL, '70223223', NULL, '2020-05-29 10:18:31'),
(5647, 'Пользователь 651', 'user651', '7c4a8d09ca3762af61e59520943dc26494f8941b', 1, 333013, NULL, '71333223', NULL, '2020-05-29 10:18:32'),
(5648, 'Пользователь 652', 'user652', '7c4a8d09ca3762af61e59520943dc26494f8941b', 1, 404104, NULL, '72443223', NULL, '2020-05-29 10:18:32'),
(5649, 'Пользователь 653', 'user653', '7c4a8d09ca3762af61e59520943dc26494f8941b', 1, 515215, NULL, '73553223', NULL, '2020-05-29 10:18:32'),
(5650, 'Пользователь 654', 'user654', '7c4a8d09ca3762af61e59520943dc26494f8941b', 1, 26006, NULL, '74663223', NULL, '2020-05-29 10:18:32'),
(5651, 'Пользователь 655', 'user655', '7c4a8d09ca3762af61e59520943dc26494f8941b', 1, 137117, NULL, '70773223', NULL, '2020-05-29 10:18:32'),
(5652, 'Пользователь 656', 'user656', '7c4a8d09ca3762af61e59520943dc26494f8941b', 1, 208208, NULL, '71083223', NULL, '2020-05-29 10:18:32'),
(5653, 'Пользователь 657', 'user657', '7c4a8d09ca3762af61e59520943dc26494f8941b', 1, 310010, NULL, '72103223', NULL, '2020-05-29 10:18:32'),
(5654, 'Пользователь 658', 'user658', '7c4a8d09ca3762af61e59520943dc26494f8941b', 1, 421101, NULL, '73213223', NULL, '2020-05-29 10:18:32'),
(5655, 'Пользователь 659', 'user659', '7c4a8d09ca3762af61e59520943dc26494f8941b', 1, 532212, NULL, '74323223', NULL, '2020-05-29 10:18:32'),
(5656, 'Пользователь 660', 'user660', '7c4a8d09ca3762af61e59520943dc26494f8941b', 1, 3003, NULL, '70433223', NULL, '2020-05-29 10:18:32'),
(5657, 'Пользователь 661', 'user661', '7c4a8d09ca3762af61e59520943dc26494f8941b', 1, 114114, NULL, '71543223', NULL, '2020-05-29 10:18:32'),
(5658, 'Пользователь 662', 'user662', '7c4a8d09ca3762af61e59520943dc26494f8941b', 1, 225205, NULL, '72653223', NULL, '2020-05-29 10:18:32'),
(5659, 'Пользователь 663', 'user663', '7c4a8d09ca3762af61e59520943dc26494f8941b', 1, 336016, NULL, '73763223', NULL, '2020-05-29 10:18:32'),
(5660, 'Пользователь 664', 'user664', '7c4a8d09ca3762af61e59520943dc26494f8941b', 1, 407107, NULL, '74073223', NULL, '2020-05-29 10:18:32'),
(5661, 'Пользователь 665', 'user665', '7c4a8d09ca3762af61e59520943dc26494f8941b', 1, 518218, NULL, '70183223', NULL, '2020-05-29 10:18:32'),
(5662, 'Пользователь 666', 'user666', '7c4a8d09ca3762af61e59520943dc26494f8941b', 1, 20000, NULL, '71203223', NULL, '2020-05-29 10:18:32'),
(5663, 'Пользователь 667', 'user667', '7c4a8d09ca3762af61e59520943dc26494f8941b', 1, 131111, NULL, '72313223', NULL, '2020-05-29 10:18:32'),
(5664, 'Пользователь 668', 'user668', '7c4a8d09ca3762af61e59520943dc26494f8941b', 1, 202202, NULL, '73423223', NULL, '2020-05-29 10:18:32'),
(5665, 'Пользователь 669', 'user669', '7c4a8d09ca3762af61e59520943dc26494f8941b', 1, 313013, NULL, '74533223', NULL, '2020-05-29 10:18:32'),
(5666, 'Пользователь 670', 'user670', '7c4a8d09ca3762af61e59520943dc26494f8941b', 1, 424104, NULL, '70643223', NULL, '2020-05-29 10:18:32'),
(5667, 'Пользователь 671', 'user671', '7c4a8d09ca3762af61e59520943dc26494f8941b', 1, 535215, NULL, '71753223', NULL, '2020-05-29 10:18:32'),
(5668, 'Пользователь 672', 'user672', '7c4a8d09ca3762af61e59520943dc26494f8941b', 1, 6006, NULL, '72063223', NULL, '2020-05-29 10:18:32'),
(5669, 'Пользователь 673', 'user673', '7c4a8d09ca3762af61e59520943dc26494f8941b', 1, 117117, NULL, '73173223', NULL, '2020-05-29 10:18:32'),
(5670, 'Пользователь 674', 'user674', '7c4a8d09ca3762af61e59520943dc26494f8941b', 1, 228208, NULL, '74283223', NULL, '2020-05-29 10:18:32'),
(5671, 'Пользователь 675', 'user675', '7c4a8d09ca3762af61e59520943dc26494f8941b', 1, 330010, NULL, '70303223', NULL, '2020-05-29 10:18:32'),
(5672, 'Пользователь 676', 'user676', '7c4a8d09ca3762af61e59520943dc26494f8941b', 1, 401101, NULL, '71413223', NULL, '2020-05-29 10:18:32'),
(5673, 'Пользователь 677', 'user677', '7c4a8d09ca3762af61e59520943dc26494f8941b', 1, 512212, NULL, '72523223', NULL, '2020-05-29 10:18:32'),
(5674, 'Пользователь 678', 'user678', '7c4a8d09ca3762af61e59520943dc26494f8941b', 1, 23003, NULL, '73633223', NULL, '2020-05-29 10:18:32'),
(5675, 'Пользователь 679', 'user679', '7c4a8d09ca3762af61e59520943dc26494f8941b', 1, 134114, NULL, '74743223', NULL, '2020-05-29 10:18:32'),
(5676, 'Пользователь 680', 'user680', '7c4a8d09ca3762af61e59520943dc26494f8941b', 1, 205205, NULL, '70053223', NULL, '2020-05-29 10:18:32'),
(5677, 'Пользователь 681', 'user681', '7c4a8d09ca3762af61e59520943dc26494f8941b', 1, 316016, NULL, '71163223', NULL, '2020-05-29 10:18:32'),
(5678, 'Пользователь 682', 'user682', '7c4a8d09ca3762af61e59520943dc26494f8941b', 1, 427107, NULL, '72273223', NULL, '2020-05-29 10:18:32'),
(5679, 'Пользователь 683', 'user683', '7c4a8d09ca3762af61e59520943dc26494f8941b', 1, 538218, NULL, '73383223', NULL, '2020-05-29 10:18:32'),
(5680, 'Пользователь 684', 'user684', '7c4a8d09ca3762af61e59520943dc26494f8941b', 1, 0, NULL, '74403223', NULL, '2020-05-29 10:18:32'),
(5681, 'Пользователь 685', 'user685', '7c4a8d09ca3762af61e59520943dc26494f8941b', 1, 111111, NULL, '70513223', NULL, '2020-05-29 10:18:32'),
(5682, 'Пользователь 686', 'user686', '7c4a8d09ca3762af61e59520943dc26494f8941b', 1, 222202, NULL, '71623223', NULL, '2020-05-29 10:18:32'),
(5683, 'Пользователь 687', 'user687', '7c4a8d09ca3762af61e59520943dc26494f8941b', 1, 333013, NULL, '72733223', NULL, '2020-05-29 10:18:32'),
(5684, 'Пользователь 688', 'user688', '7c4a8d09ca3762af61e59520943dc26494f8941b', 1, 404104, NULL, '73043223', NULL, '2020-05-29 10:18:32'),
(5685, 'Пользователь 689', 'user689', '7c4a8d09ca3762af61e59520943dc26494f8941b', 1, 515215, NULL, '74153223', NULL, '2020-05-29 10:18:32'),
(5686, 'Пользователь 690', 'user690', '7c4a8d09ca3762af61e59520943dc26494f8941b', 1, 26006, NULL, '70263223', NULL, '2020-05-29 10:18:32'),
(5687, 'Пользователь 691', 'user691', '7c4a8d09ca3762af61e59520943dc26494f8941b', 1, 137117, NULL, '71373223', NULL, '2020-05-29 10:18:32'),
(5688, 'Пользователь 692', 'user692', '7c4a8d09ca3762af61e59520943dc26494f8941b', 1, 208208, NULL, '72483223', NULL, '2020-05-29 10:18:32'),
(5689, 'Пользователь 693', 'user693', '7c4a8d09ca3762af61e59520943dc26494f8941b', 1, 310010, NULL, '73503223', NULL, '2020-05-29 10:18:32'),
(5690, 'Пользователь 694', 'user694', '7c4a8d09ca3762af61e59520943dc26494f8941b', 1, 421101, NULL, '74613223', NULL, '2020-05-29 10:18:32'),
(5691, 'Пользователь 695', 'user695', '7c4a8d09ca3762af61e59520943dc26494f8941b', 1, 532212, NULL, '70723223', NULL, '2020-05-29 10:18:32'),
(5692, 'Пользователь 696', 'user696', '7c4a8d09ca3762af61e59520943dc26494f8941b', 1, 3003, NULL, '71033223', NULL, '2020-05-29 10:18:32'),
(5693, 'Пользователь 697', 'user697', '7c4a8d09ca3762af61e59520943dc26494f8941b', 1, 114114, NULL, '72143223', NULL, '2020-05-29 10:18:32'),
(5694, 'Пользователь 698', 'user698', '7c4a8d09ca3762af61e59520943dc26494f8941b', 1, 225205, NULL, '73253223', NULL, '2020-05-29 10:18:32'),
(5695, 'Пользователь 699', 'user699', '7c4a8d09ca3762af61e59520943dc26494f8941b', 1, 336016, NULL, '74363223', NULL, '2020-05-29 10:18:32'),
(5696, 'Пользователь 700', 'user700', '7c4a8d09ca3762af61e59520943dc26494f8941b', 1, 407107, NULL, '70473223', NULL, '2020-05-29 10:18:32'),
(5697, 'Пользователь 701', 'user701', '7c4a8d09ca3762af61e59520943dc26494f8941b', 1, 518218, NULL, '71583223', NULL, '2020-05-29 10:18:32'),
(5698, 'Пользователь 702', 'user702', '7c4a8d09ca3762af61e59520943dc26494f8941b', 1, 20000, NULL, '72603223', NULL, '2020-05-29 10:18:32'),
(5699, 'Пользователь 703', 'user703', '7c4a8d09ca3762af61e59520943dc26494f8941b', 1, 131111, NULL, '73713223', NULL, '2020-05-29 10:18:32'),
(5700, 'Пользователь 704', 'user704', '7c4a8d09ca3762af61e59520943dc26494f8941b', 1, 202202, NULL, '74023223', NULL, '2020-05-29 10:18:32'),
(5701, 'Пользователь 705', 'user705', '7c4a8d09ca3762af61e59520943dc26494f8941b', 1, 313013, NULL, '70133223', NULL, '2020-05-29 10:18:32'),
(5702, 'Пользователь 706', 'user706', '7c4a8d09ca3762af61e59520943dc26494f8941b', 1, 424104, NULL, '71243223', NULL, '2020-05-29 10:18:32'),
(5703, 'Пользователь 707', 'user707', '7c4a8d09ca3762af61e59520943dc26494f8941b', 1, 535215, NULL, '72353223', NULL, '2020-05-29 10:18:32'),
(5704, 'Пользователь 708', 'user708', '7c4a8d09ca3762af61e59520943dc26494f8941b', 1, 6006, NULL, '73463223', NULL, '2020-05-29 10:18:32'),
(5705, 'Пользователь 709', 'user709', '7c4a8d09ca3762af61e59520943dc26494f8941b', 1, 117117, NULL, '74573223', NULL, '2020-05-29 10:18:32'),
(5706, 'Пользователь 710', 'user710', '7c4a8d09ca3762af61e59520943dc26494f8941b', 1, 228208, NULL, '70683223', NULL, '2020-05-29 10:18:32'),
(5707, 'Пользователь 711', 'user711', '7c4a8d09ca3762af61e59520943dc26494f8941b', 1, 330010, NULL, '71703223', NULL, '2020-05-29 10:18:32'),
(5708, 'Пользователь 712', 'user712', '7c4a8d09ca3762af61e59520943dc26494f8941b', 1, 401101, NULL, '72013223', NULL, '2020-05-29 10:18:32'),
(5709, 'Пользователь 713', 'user713', '7c4a8d09ca3762af61e59520943dc26494f8941b', 1, 512212, NULL, '73123223', NULL, '2020-05-29 10:18:32'),
(5710, 'Пользователь 714', 'user714', '7c4a8d09ca3762af61e59520943dc26494f8941b', 1, 23003, NULL, '74233223', NULL, '2020-05-29 10:18:32'),
(5711, 'Пользователь 715', 'user715', '7c4a8d09ca3762af61e59520943dc26494f8941b', 1, 134114, NULL, '70343223', NULL, '2020-05-29 10:18:32'),
(5712, 'Пользователь 716', 'user716', '7c4a8d09ca3762af61e59520943dc26494f8941b', 1, 205205, NULL, '71453223', NULL, '2020-05-29 10:18:32'),
(5713, 'Пользователь 717', 'user717', '7c4a8d09ca3762af61e59520943dc26494f8941b', 1, 316016, NULL, '72563223', NULL, '2020-05-29 10:18:32'),
(5714, 'Пользователь 718', 'user718', '7c4a8d09ca3762af61e59520943dc26494f8941b', 1, 427107, NULL, '73673223', NULL, '2020-05-29 10:18:32'),
(5715, 'Пользователь 719', 'user719', '7c4a8d09ca3762af61e59520943dc26494f8941b', 1, 538218, NULL, '74783223', NULL, '2020-05-29 10:18:32'),
(5716, 'Пользователь 720', 'user720', '7c4a8d09ca3762af61e59520943dc26494f8941b', 1, 0, NULL, '70003223', NULL, '2020-05-29 10:18:32');
INSERT INTO `users` (`id`, `fio`, `login`, `password`, `isActive`, `postcode`, `yandex_money`, `phone`, `address`, `dt`) VALUES
(5717, 'Пользователь 721', 'user721', '7c4a8d09ca3762af61e59520943dc26494f8941b', 1, 111111, NULL, '71113223', NULL, '2020-05-29 10:18:32'),
(5718, 'Пользователь 722', 'user722', '7c4a8d09ca3762af61e59520943dc26494f8941b', 1, 222202, NULL, '72223223', NULL, '2020-05-29 10:18:32'),
(5719, 'Пользователь 723', 'user723', '7c4a8d09ca3762af61e59520943dc26494f8941b', 1, 333013, NULL, '73333223', NULL, '2020-05-29 10:18:32'),
(5720, 'Пользователь 724', 'user724', '7c4a8d09ca3762af61e59520943dc26494f8941b', 1, 404104, NULL, '74443223', NULL, '2020-05-29 10:18:32'),
(5721, 'Пользователь 725', 'user725', '7c4a8d09ca3762af61e59520943dc26494f8941b', 1, 515215, NULL, '70553223', NULL, '2020-05-29 10:18:32'),
(5722, 'Пользователь 726', 'user726', '7c4a8d09ca3762af61e59520943dc26494f8941b', 1, 26006, NULL, '71663223', NULL, '2020-05-29 10:18:32'),
(5723, 'Пользователь 727', 'user727', '7c4a8d09ca3762af61e59520943dc26494f8941b', 1, 137117, NULL, '72773223', NULL, '2020-05-29 10:18:32'),
(5724, 'Пользователь 728', 'user728', '7c4a8d09ca3762af61e59520943dc26494f8941b', 1, 208208, NULL, '73083223', NULL, '2020-05-29 10:18:32'),
(5725, 'Пользователь 729', 'user729', '7c4a8d09ca3762af61e59520943dc26494f8941b', 1, 310010, NULL, '74103223', NULL, '2020-05-29 10:18:32'),
(5726, 'Пользователь 730', 'user730', '7c4a8d09ca3762af61e59520943dc26494f8941b', 1, 421101, NULL, '70213223', NULL, '2020-05-29 10:18:32'),
(5727, 'Пользователь 731', 'user731', '7c4a8d09ca3762af61e59520943dc26494f8941b', 1, 532212, NULL, '71323223', NULL, '2020-05-29 10:18:32'),
(5728, 'Пользователь 732', 'user732', '7c4a8d09ca3762af61e59520943dc26494f8941b', 1, 3003, NULL, '72433223', NULL, '2020-05-29 10:18:32'),
(5729, 'Пользователь 733', 'user733', '7c4a8d09ca3762af61e59520943dc26494f8941b', 1, 114114, NULL, '73543223', NULL, '2020-05-29 10:18:32'),
(5730, 'Пользователь 734', 'user734', '7c4a8d09ca3762af61e59520943dc26494f8941b', 1, 225205, NULL, '74653223', NULL, '2020-05-29 10:18:32'),
(5731, 'Пользователь 735', 'user735', '7c4a8d09ca3762af61e59520943dc26494f8941b', 1, 336016, NULL, '70763223', NULL, '2020-05-29 10:18:32'),
(5732, 'Пользователь 736', 'user736', '7c4a8d09ca3762af61e59520943dc26494f8941b', 1, 407107, NULL, '71073223', NULL, '2020-05-29 10:18:32'),
(5733, 'Пользователь 737', 'user737', '7c4a8d09ca3762af61e59520943dc26494f8941b', 1, 518218, NULL, '72183223', NULL, '2020-05-29 10:18:32'),
(5734, 'Пользователь 738', 'user738', '7c4a8d09ca3762af61e59520943dc26494f8941b', 1, 20000, NULL, '73203223', NULL, '2020-05-29 10:18:32'),
(5735, 'Пользователь 739', 'user739', '7c4a8d09ca3762af61e59520943dc26494f8941b', 1, 131111, NULL, '74313223', NULL, '2020-05-29 10:18:32'),
(5736, 'Пользователь 740', 'user740', '7c4a8d09ca3762af61e59520943dc26494f8941b', 1, 202202, NULL, '70423223', NULL, '2020-05-29 10:18:32'),
(5737, 'Пользователь 741', 'user741', '7c4a8d09ca3762af61e59520943dc26494f8941b', 1, 313013, NULL, '71533223', NULL, '2020-05-29 10:18:32'),
(5738, 'Пользователь 742', 'user742', '7c4a8d09ca3762af61e59520943dc26494f8941b', 1, 424104, NULL, '72643223', NULL, '2020-05-29 10:18:32'),
(5739, 'Пользователь 743', 'user743', '7c4a8d09ca3762af61e59520943dc26494f8941b', 1, 535215, NULL, '73753223', NULL, '2020-05-29 10:18:32'),
(5740, 'Пользователь 744', 'user744', '7c4a8d09ca3762af61e59520943dc26494f8941b', 1, 6006, NULL, '74063223', NULL, '2020-05-29 10:18:32'),
(5741, 'Пользователь 745', 'user745', '7c4a8d09ca3762af61e59520943dc26494f8941b', 1, 117117, NULL, '70173223', NULL, '2020-05-29 10:18:32'),
(5742, 'Пользователь 746', 'user746', '7c4a8d09ca3762af61e59520943dc26494f8941b', 1, 228208, NULL, '71283223', NULL, '2020-05-29 10:18:32'),
(5743, 'Пользователь 747', 'user747', '7c4a8d09ca3762af61e59520943dc26494f8941b', 1, 330010, NULL, '72303223', NULL, '2020-05-29 10:18:32'),
(5744, 'Пользователь 748', 'user748', '7c4a8d09ca3762af61e59520943dc26494f8941b', 1, 401101, NULL, '73413223', NULL, '2020-05-29 10:18:32'),
(5745, 'Пользователь 749', 'user749', '7c4a8d09ca3762af61e59520943dc26494f8941b', 1, 512212, NULL, '74523223', NULL, '2020-05-29 10:18:32'),
(5746, 'Пользователь 750', 'user750', '7c4a8d09ca3762af61e59520943dc26494f8941b', 1, 23003, NULL, '70633223', NULL, '2020-05-29 10:18:32'),
(5747, 'Пользователь 751', 'user751', '7c4a8d09ca3762af61e59520943dc26494f8941b', 1, 134114, NULL, '71743223', NULL, '2020-05-29 10:18:32'),
(5748, 'Пользователь 752', 'user752', '7c4a8d09ca3762af61e59520943dc26494f8941b', 1, 205205, NULL, '72053223', NULL, '2020-05-29 10:18:32'),
(5749, 'Пользователь 753', 'user753', '7c4a8d09ca3762af61e59520943dc26494f8941b', 1, 316016, NULL, '73163223', NULL, '2020-05-29 10:18:32'),
(5750, 'Пользователь 754', 'user754', '7c4a8d09ca3762af61e59520943dc26494f8941b', 1, 427107, NULL, '74273223', NULL, '2020-05-29 10:18:32'),
(5751, 'Пользователь 755', 'user755', '7c4a8d09ca3762af61e59520943dc26494f8941b', 1, 538218, NULL, '70383223', NULL, '2020-05-29 10:18:32'),
(5752, 'Пользователь 756', 'user756', '7c4a8d09ca3762af61e59520943dc26494f8941b', 1, 0, NULL, '71403223', NULL, '2020-05-29 10:18:32'),
(5753, 'Пользователь 757', 'user757', '7c4a8d09ca3762af61e59520943dc26494f8941b', 1, 111111, NULL, '72513223', NULL, '2020-05-29 10:18:32'),
(5754, 'Пользователь 758', 'user758', '7c4a8d09ca3762af61e59520943dc26494f8941b', 1, 222202, NULL, '73623223', NULL, '2020-05-29 10:18:32'),
(5755, 'Пользователь 759', 'user759', '7c4a8d09ca3762af61e59520943dc26494f8941b', 1, 333013, NULL, '74733223', NULL, '2020-05-29 10:18:32'),
(5756, 'Пользователь 760', 'user760', '7c4a8d09ca3762af61e59520943dc26494f8941b', 1, 404104, NULL, '70043223', NULL, '2020-05-29 10:18:32'),
(5757, 'Пользователь 761', 'user761', '7c4a8d09ca3762af61e59520943dc26494f8941b', 1, 515215, NULL, '71153223', NULL, '2020-05-29 10:18:32'),
(5758, 'Пользователь 762', 'user762', '7c4a8d09ca3762af61e59520943dc26494f8941b', 1, 26006, NULL, '72263223', NULL, '2020-05-29 10:18:33'),
(5759, 'Пользователь 763', 'user763', '7c4a8d09ca3762af61e59520943dc26494f8941b', 1, 137117, NULL, '73373223', NULL, '2020-05-29 10:18:33'),
(5760, 'Пользователь 764', 'user764', '7c4a8d09ca3762af61e59520943dc26494f8941b', 1, 208208, NULL, '74483223', NULL, '2020-05-29 10:18:33'),
(5761, 'Пользователь 765', 'user765', '7c4a8d09ca3762af61e59520943dc26494f8941b', 1, 310010, NULL, '70503223', NULL, '2020-05-29 10:18:33'),
(5762, 'Пользователь 766', 'user766', '7c4a8d09ca3762af61e59520943dc26494f8941b', 1, 421101, NULL, '71613223', NULL, '2020-05-29 10:18:33'),
(5763, 'Пользователь 767', 'user767', '7c4a8d09ca3762af61e59520943dc26494f8941b', 1, 532212, NULL, '72723223', NULL, '2020-05-29 10:18:33'),
(5764, 'Пользователь 768', 'user768', '7c4a8d09ca3762af61e59520943dc26494f8941b', 1, 3003, NULL, '73033223', NULL, '2020-05-29 10:18:33'),
(5765, 'Пользователь 769', 'user769', '7c4a8d09ca3762af61e59520943dc26494f8941b', 1, 114114, NULL, '74143223', NULL, '2020-05-29 10:18:33'),
(5766, 'Пользователь 770', 'user770', '7c4a8d09ca3762af61e59520943dc26494f8941b', 1, 225205, NULL, '70253223', NULL, '2020-05-29 10:18:33'),
(5767, 'Пользователь 771', 'user771', '7c4a8d09ca3762af61e59520943dc26494f8941b', 1, 336016, NULL, '71363223', NULL, '2020-05-29 10:18:33'),
(5768, 'Пользователь 772', 'user772', '7c4a8d09ca3762af61e59520943dc26494f8941b', 1, 407107, NULL, '72473223', NULL, '2020-05-29 10:18:33'),
(5769, 'Пользователь 773', 'user773', '7c4a8d09ca3762af61e59520943dc26494f8941b', 1, 518218, NULL, '73583223', NULL, '2020-05-29 10:18:33'),
(5770, 'Пользователь 774', 'user774', '7c4a8d09ca3762af61e59520943dc26494f8941b', 1, 20000, NULL, '74603223', NULL, '2020-05-29 10:18:33'),
(5771, 'Пользователь 775', 'user775', '7c4a8d09ca3762af61e59520943dc26494f8941b', 1, 131111, NULL, '70713223', NULL, '2020-05-29 10:18:33'),
(5772, 'Пользователь 776', 'user776', '7c4a8d09ca3762af61e59520943dc26494f8941b', 1, 202202, NULL, '71023223', NULL, '2020-05-29 10:18:33'),
(5773, 'Пользователь 777', 'user777', '7c4a8d09ca3762af61e59520943dc26494f8941b', 1, 313013, NULL, '72133223', NULL, '2020-05-29 10:18:33'),
(5774, 'Пользователь 778', 'user778', '7c4a8d09ca3762af61e59520943dc26494f8941b', 1, 424104, NULL, '73243223', NULL, '2020-05-29 10:18:33'),
(5775, 'Пользователь 779', 'user779', '7c4a8d09ca3762af61e59520943dc26494f8941b', 1, 535215, NULL, '74353223', NULL, '2020-05-29 10:18:33'),
(5776, 'Пользователь 780', 'user780', '7c4a8d09ca3762af61e59520943dc26494f8941b', 1, 6006, NULL, '70463223', NULL, '2020-05-29 10:18:33'),
(5777, 'Пользователь 781', 'user781', '7c4a8d09ca3762af61e59520943dc26494f8941b', 1, 117117, NULL, '71573223', NULL, '2020-05-29 10:18:33'),
(5778, 'Пользователь 782', 'user782', '7c4a8d09ca3762af61e59520943dc26494f8941b', 1, 228208, NULL, '72683223', NULL, '2020-05-29 10:18:33'),
(5779, 'Пользователь 783', 'user783', '7c4a8d09ca3762af61e59520943dc26494f8941b', 1, 330010, NULL, '73703223', NULL, '2020-05-29 10:18:33'),
(5780, 'Пользователь 784', 'user784', '7c4a8d09ca3762af61e59520943dc26494f8941b', 1, 401101, NULL, '74013223', NULL, '2020-05-29 10:18:33'),
(5781, 'Пользователь 785', 'user785', '7c4a8d09ca3762af61e59520943dc26494f8941b', 1, 512212, NULL, '70123223', NULL, '2020-05-29 10:18:33'),
(5782, 'Пользователь 786', 'user786', '7c4a8d09ca3762af61e59520943dc26494f8941b', 1, 23003, NULL, '71233223', NULL, '2020-05-29 10:18:33'),
(5783, 'Пользователь 787', 'user787', '7c4a8d09ca3762af61e59520943dc26494f8941b', 1, 134114, NULL, '72343223', NULL, '2020-05-29 10:18:33'),
(5784, 'Пользователь 788', 'user788', '7c4a8d09ca3762af61e59520943dc26494f8941b', 1, 205205, NULL, '73453223', NULL, '2020-05-29 10:18:33'),
(5785, 'Пользователь 789', 'user789', '7c4a8d09ca3762af61e59520943dc26494f8941b', 1, 316016, NULL, '74563223', NULL, '2020-05-29 10:18:33'),
(5786, 'Пользователь 790', 'user790', '7c4a8d09ca3762af61e59520943dc26494f8941b', 1, 427107, NULL, '70673223', NULL, '2020-05-29 10:18:33'),
(5787, 'Пользователь 791', 'user791', '7c4a8d09ca3762af61e59520943dc26494f8941b', 1, 538218, NULL, '71783223', NULL, '2020-05-29 10:18:33'),
(5788, 'Пользователь 792', 'user792', '7c4a8d09ca3762af61e59520943dc26494f8941b', 1, 0, NULL, '72003223', NULL, '2020-05-29 10:18:33'),
(5789, 'Пользователь 793', 'user793', '7c4a8d09ca3762af61e59520943dc26494f8941b', 1, 111111, NULL, '73113223', NULL, '2020-05-29 10:18:33'),
(5790, 'Пользователь 794', 'user794', '7c4a8d09ca3762af61e59520943dc26494f8941b', 1, 222202, NULL, '74223223', NULL, '2020-05-29 10:18:33'),
(5791, 'Пользователь 795', 'user795', '7c4a8d09ca3762af61e59520943dc26494f8941b', 1, 333013, NULL, '70333223', NULL, '2020-05-29 10:18:33'),
(5792, 'Пользователь 796', 'user796', '7c4a8d09ca3762af61e59520943dc26494f8941b', 1, 404104, NULL, '71443223', NULL, '2020-05-29 10:18:33'),
(5793, 'Пользователь 797', 'user797', '7c4a8d09ca3762af61e59520943dc26494f8941b', 1, 515215, NULL, '72553223', NULL, '2020-05-29 10:18:33'),
(5794, 'Пользователь 798', 'user798', '7c4a8d09ca3762af61e59520943dc26494f8941b', 1, 26006, NULL, '73663223', NULL, '2020-05-29 10:18:33'),
(5795, 'Пользователь 799', 'user799', '7c4a8d09ca3762af61e59520943dc26494f8941b', 1, 137117, NULL, '74773223', NULL, '2020-05-29 10:18:33'),
(5796, 'Пользователь 800', 'user800', '7c4a8d09ca3762af61e59520943dc26494f8941b', 1, 208208, NULL, '70083223', NULL, '2020-05-29 10:18:33'),
(5797, 'Пользователь 801', 'user801', '7c4a8d09ca3762af61e59520943dc26494f8941b', 1, 310010, NULL, '71103223', NULL, '2020-05-29 10:18:33'),
(5798, 'Пользователь 802', 'user802', '7c4a8d09ca3762af61e59520943dc26494f8941b', 1, 421101, NULL, '72213223', NULL, '2020-05-29 10:18:33'),
(5799, 'Пользователь 803', 'user803', '7c4a8d09ca3762af61e59520943dc26494f8941b', 1, 532212, NULL, '73323223', NULL, '2020-05-29 10:18:33'),
(5800, 'Пользователь 804', 'user804', '7c4a8d09ca3762af61e59520943dc26494f8941b', 1, 3003, NULL, '74433223', NULL, '2020-05-29 10:18:33'),
(5801, 'Пользователь 805', 'user805', '7c4a8d09ca3762af61e59520943dc26494f8941b', 1, 114114, NULL, '70543223', NULL, '2020-05-29 10:18:33'),
(5802, 'Пользователь 806', 'user806', '7c4a8d09ca3762af61e59520943dc26494f8941b', 1, 225205, NULL, '71653223', NULL, '2020-05-29 10:18:33'),
(5803, 'Пользователь 807', 'user807', '7c4a8d09ca3762af61e59520943dc26494f8941b', 1, 336016, NULL, '72763223', NULL, '2020-05-29 10:18:33'),
(5804, 'Пользователь 808', 'user808', '7c4a8d09ca3762af61e59520943dc26494f8941b', 1, 407107, NULL, '73073223', NULL, '2020-05-29 10:18:33'),
(5805, 'Пользователь 809', 'user809', '7c4a8d09ca3762af61e59520943dc26494f8941b', 1, 518218, NULL, '74183223', NULL, '2020-05-29 10:18:33'),
(5806, 'Пользователь 810', 'user810', '7c4a8d09ca3762af61e59520943dc26494f8941b', 1, 20000, NULL, '70203223', NULL, '2020-05-29 10:18:33'),
(5807, 'Пользователь 811', 'user811', '7c4a8d09ca3762af61e59520943dc26494f8941b', 1, 131111, NULL, '71313223', NULL, '2020-05-29 10:18:33'),
(5808, 'Пользователь 812', 'user812', '7c4a8d09ca3762af61e59520943dc26494f8941b', 1, 202202, NULL, '72423223', NULL, '2020-05-29 10:18:33'),
(5809, 'Пользователь 813', 'user813', '7c4a8d09ca3762af61e59520943dc26494f8941b', 1, 313013, NULL, '73533223', NULL, '2020-05-29 10:18:33'),
(5810, 'Пользователь 814', 'user814', '7c4a8d09ca3762af61e59520943dc26494f8941b', 1, 424104, NULL, '74643223', NULL, '2020-05-29 10:18:33'),
(5811, 'Пользователь 815', 'user815', '7c4a8d09ca3762af61e59520943dc26494f8941b', 1, 535215, NULL, '70753223', NULL, '2020-05-29 10:18:33'),
(5812, 'Пользователь 816', 'user816', '7c4a8d09ca3762af61e59520943dc26494f8941b', 1, 6006, NULL, '71063223', NULL, '2020-05-29 10:18:33'),
(5813, 'Пользователь 817', 'user817', '7c4a8d09ca3762af61e59520943dc26494f8941b', 1, 117117, NULL, '72173223', NULL, '2020-05-29 10:18:33'),
(5814, 'Пользователь 818', 'user818', '7c4a8d09ca3762af61e59520943dc26494f8941b', 1, 228208, NULL, '73283223', NULL, '2020-05-29 10:18:33'),
(5815, 'Пользователь 819', 'user819', '7c4a8d09ca3762af61e59520943dc26494f8941b', 1, 330010, NULL, '74303223', NULL, '2020-05-29 10:18:33'),
(5816, 'Пользователь 820', 'user820', '7c4a8d09ca3762af61e59520943dc26494f8941b', 1, 401101, NULL, '70413223', NULL, '2020-05-29 10:18:33'),
(5817, 'Пользователь 821', 'user821', '7c4a8d09ca3762af61e59520943dc26494f8941b', 1, 512212, NULL, '71523223', NULL, '2020-05-29 10:18:33'),
(5818, 'Пользователь 822', 'user822', '7c4a8d09ca3762af61e59520943dc26494f8941b', 1, 23003, NULL, '72633223', NULL, '2020-05-29 10:18:33'),
(5819, 'Пользователь 823', 'user823', '7c4a8d09ca3762af61e59520943dc26494f8941b', 1, 134114, NULL, '73743223', NULL, '2020-05-29 10:18:33'),
(5820, 'Пользователь 824', 'user824', '7c4a8d09ca3762af61e59520943dc26494f8941b', 1, 205205, NULL, '74053223', NULL, '2020-05-29 10:18:33'),
(5821, 'Пользователь 825', 'user825', '7c4a8d09ca3762af61e59520943dc26494f8941b', 1, 316016, NULL, '70163223', NULL, '2020-05-29 10:18:33'),
(5822, 'Пользователь 826', 'user826', '7c4a8d09ca3762af61e59520943dc26494f8941b', 1, 427107, NULL, '71273223', NULL, '2020-05-29 10:18:33'),
(5823, 'Пользователь 827', 'user827', '7c4a8d09ca3762af61e59520943dc26494f8941b', 1, 538218, NULL, '72383223', NULL, '2020-05-29 10:18:33'),
(5824, 'Пользователь 828', 'user828', '7c4a8d09ca3762af61e59520943dc26494f8941b', 1, 0, NULL, '73403223', NULL, '2020-05-29 10:18:33'),
(5825, 'Пользователь 829', 'user829', '7c4a8d09ca3762af61e59520943dc26494f8941b', 1, 111111, NULL, '74513223', NULL, '2020-05-29 10:18:33'),
(5826, 'Пользователь 830', 'user830', '7c4a8d09ca3762af61e59520943dc26494f8941b', 1, 222202, NULL, '70623223', NULL, '2020-05-29 10:18:33'),
(5827, 'Пользователь 831', 'user831', '7c4a8d09ca3762af61e59520943dc26494f8941b', 1, 333013, NULL, '71733223', NULL, '2020-05-29 10:18:33'),
(5828, 'Пользователь 832', 'user832', '7c4a8d09ca3762af61e59520943dc26494f8941b', 1, 404104, NULL, '72043223', NULL, '2020-05-29 10:18:33'),
(5829, 'Пользователь 833', 'user833', '7c4a8d09ca3762af61e59520943dc26494f8941b', 1, 515215, NULL, '73153223', NULL, '2020-05-29 10:18:33'),
(5830, 'Пользователь 834', 'user834', '7c4a8d09ca3762af61e59520943dc26494f8941b', 1, 26006, NULL, '74263223', NULL, '2020-05-29 10:18:33'),
(5831, 'Пользователь 835', 'user835', '7c4a8d09ca3762af61e59520943dc26494f8941b', 1, 137117, NULL, '70373223', NULL, '2020-05-29 10:18:33'),
(5832, 'Пользователь 836', 'user836', '7c4a8d09ca3762af61e59520943dc26494f8941b', 1, 208208, NULL, '71483223', NULL, '2020-05-29 10:18:33'),
(5833, 'Пользователь 837', 'user837', '7c4a8d09ca3762af61e59520943dc26494f8941b', 1, 310010, NULL, '72503223', NULL, '2020-05-29 10:18:33'),
(5834, 'Пользователь 838', 'user838', '7c4a8d09ca3762af61e59520943dc26494f8941b', 1, 421101, NULL, '73613223', NULL, '2020-05-29 10:18:33'),
(5835, 'Пользователь 839', 'user839', '7c4a8d09ca3762af61e59520943dc26494f8941b', 1, 532212, NULL, '74723223', NULL, '2020-05-29 10:18:33'),
(5836, 'Пользователь 840', 'user840', '7c4a8d09ca3762af61e59520943dc26494f8941b', 1, 3003, NULL, '70033223', NULL, '2020-05-29 10:18:33'),
(5837, 'Пользователь 841', 'user841', '7c4a8d09ca3762af61e59520943dc26494f8941b', 1, 114114, NULL, '71143223', NULL, '2020-05-29 10:18:33'),
(5838, 'Пользователь 842', 'user842', '7c4a8d09ca3762af61e59520943dc26494f8941b', 1, 225205, NULL, '72253223', NULL, '2020-05-29 10:18:33'),
(5839, 'Пользователь 843', 'user843', '7c4a8d09ca3762af61e59520943dc26494f8941b', 1, 336016, NULL, '73363223', NULL, '2020-05-29 10:18:33'),
(5840, 'Пользователь 844', 'user844', '7c4a8d09ca3762af61e59520943dc26494f8941b', 1, 407107, NULL, '74473223', NULL, '2020-05-29 10:18:33'),
(5841, 'Пользователь 845', 'user845', '7c4a8d09ca3762af61e59520943dc26494f8941b', 1, 518218, NULL, '70583223', NULL, '2020-05-29 10:18:33'),
(5842, 'Пользователь 846', 'user846', '7c4a8d09ca3762af61e59520943dc26494f8941b', 1, 20000, NULL, '71603223', NULL, '2020-05-29 10:18:33'),
(5843, 'Пользователь 847', 'user847', '7c4a8d09ca3762af61e59520943dc26494f8941b', 1, 131111, NULL, '72713223', NULL, '2020-05-29 10:18:33'),
(5844, 'Пользователь 848', 'user848', '7c4a8d09ca3762af61e59520943dc26494f8941b', 1, 202202, NULL, '73023223', NULL, '2020-05-29 10:18:33'),
(5845, 'Пользователь 849', 'user849', '7c4a8d09ca3762af61e59520943dc26494f8941b', 1, 313013, NULL, '74133223', NULL, '2020-05-29 10:18:33'),
(5846, 'Пользователь 850', 'user850', '7c4a8d09ca3762af61e59520943dc26494f8941b', 1, 424104, NULL, '70243223', NULL, '2020-05-29 10:18:33'),
(5847, 'Пользователь 851', 'user851', '7c4a8d09ca3762af61e59520943dc26494f8941b', 1, 535215, NULL, '71353223', NULL, '2020-05-29 10:18:33'),
(5848, 'Пользователь 852', 'user852', '7c4a8d09ca3762af61e59520943dc26494f8941b', 1, 6006, NULL, '72463223', NULL, '2020-05-29 10:18:33'),
(5849, 'Пользователь 853', 'user853', '7c4a8d09ca3762af61e59520943dc26494f8941b', 1, 117117, NULL, '73573223', NULL, '2020-05-29 10:18:33'),
(5850, 'Пользователь 854', 'user854', '7c4a8d09ca3762af61e59520943dc26494f8941b', 1, 228208, NULL, '74683223', NULL, '2020-05-29 10:18:33'),
(5851, 'Пользователь 855', 'user855', '7c4a8d09ca3762af61e59520943dc26494f8941b', 1, 330010, NULL, '70703223', NULL, '2020-05-29 10:18:33'),
(5852, 'Пользователь 856', 'user856', '7c4a8d09ca3762af61e59520943dc26494f8941b', 1, 401101, NULL, '71013223', NULL, '2020-05-29 10:18:33'),
(5853, 'Пользователь 857', 'user857', '7c4a8d09ca3762af61e59520943dc26494f8941b', 1, 512212, NULL, '72123223', NULL, '2020-05-29 10:18:33'),
(5854, 'Пользователь 858', 'user858', '7c4a8d09ca3762af61e59520943dc26494f8941b', 1, 23003, NULL, '73233223', NULL, '2020-05-29 10:18:33'),
(5855, 'Пользователь 859', 'user859', '7c4a8d09ca3762af61e59520943dc26494f8941b', 1, 134114, NULL, '74343223', NULL, '2020-05-29 10:18:33'),
(5856, 'Пользователь 860', 'user860', '7c4a8d09ca3762af61e59520943dc26494f8941b', 1, 205205, NULL, '70453223', NULL, '2020-05-29 10:18:33'),
(5857, 'Пользователь 861', 'user861', '7c4a8d09ca3762af61e59520943dc26494f8941b', 1, 316016, NULL, '71563223', NULL, '2020-05-29 10:18:33'),
(5858, 'Пользователь 862', 'user862', '7c4a8d09ca3762af61e59520943dc26494f8941b', 1, 427107, NULL, '72673223', NULL, '2020-05-29 10:18:33'),
(5859, 'Пользователь 863', 'user863', '7c4a8d09ca3762af61e59520943dc26494f8941b', 1, 538218, NULL, '73783223', NULL, '2020-05-29 10:18:33'),
(5860, 'Пользователь 864', 'user864', '7c4a8d09ca3762af61e59520943dc26494f8941b', 1, 0, NULL, '74003223', NULL, '2020-05-29 10:18:33'),
(5861, 'Пользователь 865', 'user865', '7c4a8d09ca3762af61e59520943dc26494f8941b', 1, 111111, NULL, '70113223', NULL, '2020-05-29 10:18:33'),
(5862, 'Пользователь 866', 'user866', '7c4a8d09ca3762af61e59520943dc26494f8941b', 1, 222202, NULL, '71223223', NULL, '2020-05-29 10:18:33'),
(5863, 'Пользователь 867', 'user867', '7c4a8d09ca3762af61e59520943dc26494f8941b', 1, 333013, NULL, '72333223', NULL, '2020-05-29 10:18:33'),
(5864, 'Пользователь 868', 'user868', '7c4a8d09ca3762af61e59520943dc26494f8941b', 1, 404104, NULL, '73443223', NULL, '2020-05-29 10:18:33'),
(5865, 'Пользователь 869', 'user869', '7c4a8d09ca3762af61e59520943dc26494f8941b', 1, 515215, NULL, '74553223', NULL, '2020-05-29 10:18:33'),
(5866, 'Пользователь 870', 'user870', '7c4a8d09ca3762af61e59520943dc26494f8941b', 1, 26006, NULL, '70663223', NULL, '2020-05-29 10:18:33'),
(5867, 'Пользователь 871', 'user871', '7c4a8d09ca3762af61e59520943dc26494f8941b', 1, 137117, NULL, '71773223', NULL, '2020-05-29 10:18:33'),
(5868, 'Пользователь 872', 'user872', '7c4a8d09ca3762af61e59520943dc26494f8941b', 1, 208208, NULL, '72083223', NULL, '2020-05-29 10:18:33'),
(5869, 'Пользователь 873', 'user873', '7c4a8d09ca3762af61e59520943dc26494f8941b', 1, 310010, NULL, '73103223', NULL, '2020-05-29 10:18:33'),
(5870, 'Пользователь 874', 'user874', '7c4a8d09ca3762af61e59520943dc26494f8941b', 1, 421101, NULL, '74213223', NULL, '2020-05-29 10:18:33'),
(5871, 'Пользователь 875', 'user875', '7c4a8d09ca3762af61e59520943dc26494f8941b', 1, 532212, NULL, '70323223', NULL, '2020-05-29 10:18:33'),
(5872, 'Пользователь 876', 'user876', '7c4a8d09ca3762af61e59520943dc26494f8941b', 1, 3003, NULL, '71433223', NULL, '2020-05-29 10:18:34'),
(5873, 'Пользователь 877', 'user877', '7c4a8d09ca3762af61e59520943dc26494f8941b', 1, 114114, NULL, '72543223', NULL, '2020-05-29 10:18:34'),
(5874, 'Пользователь 878', 'user878', '7c4a8d09ca3762af61e59520943dc26494f8941b', 1, 225205, NULL, '73653223', NULL, '2020-05-29 10:18:34'),
(5875, 'Пользователь 879', 'user879', '7c4a8d09ca3762af61e59520943dc26494f8941b', 1, 336016, NULL, '74763223', NULL, '2020-05-29 10:18:34'),
(5876, 'Пользователь 880', 'user880', '7c4a8d09ca3762af61e59520943dc26494f8941b', 1, 407107, NULL, '70073223', NULL, '2020-05-29 10:18:34'),
(5877, 'Пользователь 881', 'user881', '7c4a8d09ca3762af61e59520943dc26494f8941b', 1, 518218, NULL, '71183223', NULL, '2020-05-29 10:18:34'),
(5878, 'Пользователь 882', 'user882', '7c4a8d09ca3762af61e59520943dc26494f8941b', 1, 20000, NULL, '72203223', NULL, '2020-05-29 10:18:34'),
(5879, 'Пользователь 883', 'user883', '7c4a8d09ca3762af61e59520943dc26494f8941b', 1, 131111, NULL, '73313223', NULL, '2020-05-29 10:18:34'),
(5880, 'Пользователь 884', 'user884', '7c4a8d09ca3762af61e59520943dc26494f8941b', 1, 202202, NULL, '74423223', NULL, '2020-05-29 10:18:34'),
(5881, 'Пользователь 885', 'user885', '7c4a8d09ca3762af61e59520943dc26494f8941b', 1, 313013, NULL, '70533223', NULL, '2020-05-29 10:18:34'),
(5882, 'Пользователь 886', 'user886', '7c4a8d09ca3762af61e59520943dc26494f8941b', 1, 424104, NULL, '71643223', NULL, '2020-05-29 10:18:34'),
(5883, 'Пользователь 887', 'user887', '7c4a8d09ca3762af61e59520943dc26494f8941b', 1, 535215, NULL, '72753223', NULL, '2020-05-29 10:18:34'),
(5884, 'Пользователь 888', 'user888', '7c4a8d09ca3762af61e59520943dc26494f8941b', 1, 6006, NULL, '73063223', NULL, '2020-05-29 10:18:34'),
(5885, 'Пользователь 889', 'user889', '7c4a8d09ca3762af61e59520943dc26494f8941b', 1, 117117, NULL, '74173223', NULL, '2020-05-29 10:18:34'),
(5886, 'Пользователь 890', 'user890', '7c4a8d09ca3762af61e59520943dc26494f8941b', 1, 228208, NULL, '70283223', NULL, '2020-05-29 10:18:34'),
(5887, 'Пользователь 891', 'user891', '7c4a8d09ca3762af61e59520943dc26494f8941b', 1, 330010, NULL, '71303223', NULL, '2020-05-29 10:18:34'),
(5888, 'Пользователь 892', 'user892', '7c4a8d09ca3762af61e59520943dc26494f8941b', 1, 401101, NULL, '72413223', NULL, '2020-05-29 10:18:34'),
(5889, 'Пользователь 893', 'user893', '7c4a8d09ca3762af61e59520943dc26494f8941b', 1, 512212, NULL, '73523223', NULL, '2020-05-29 10:18:34'),
(5890, 'Пользователь 894', 'user894', '7c4a8d09ca3762af61e59520943dc26494f8941b', 1, 23003, NULL, '74633223', NULL, '2020-05-29 10:18:34'),
(5891, 'Пользователь 895', 'user895', '7c4a8d09ca3762af61e59520943dc26494f8941b', 1, 134114, NULL, '70743223', NULL, '2020-05-29 10:18:34'),
(5892, 'Пользователь 896', 'user896', '7c4a8d09ca3762af61e59520943dc26494f8941b', 1, 205205, NULL, '71053223', NULL, '2020-05-29 10:18:34'),
(5893, 'Пользователь 897', 'user897', '7c4a8d09ca3762af61e59520943dc26494f8941b', 1, 316016, NULL, '72163223', NULL, '2020-05-29 10:18:34'),
(5894, 'Пользователь 898', 'user898', '7c4a8d09ca3762af61e59520943dc26494f8941b', 1, 427107, NULL, '73273223', NULL, '2020-05-29 10:18:34'),
(5895, 'Пользователь 899', 'user899', '7c4a8d09ca3762af61e59520943dc26494f8941b', 1, 538218, NULL, '74383223', NULL, '2020-05-29 10:18:34'),
(5896, 'Пользователь 900', 'user900', '7c4a8d09ca3762af61e59520943dc26494f8941b', 1, 0, NULL, '70403223', NULL, '2020-05-29 10:18:34'),
(5897, 'Пользователь 901', 'user901', '7c4a8d09ca3762af61e59520943dc26494f8941b', 1, 111111, NULL, '71513223', NULL, '2020-05-29 10:18:34'),
(5898, 'Пользователь 902', 'user902', '7c4a8d09ca3762af61e59520943dc26494f8941b', 1, 222202, NULL, '72623223', NULL, '2020-05-29 10:18:34'),
(5899, 'Пользователь 903', 'user903', '7c4a8d09ca3762af61e59520943dc26494f8941b', 1, 333013, NULL, '73733223', NULL, '2020-05-29 10:18:34'),
(5900, 'Пользователь 904', 'user904', '7c4a8d09ca3762af61e59520943dc26494f8941b', 1, 404104, NULL, '74043223', NULL, '2020-05-29 10:18:34'),
(5901, 'Пользователь 905', 'user905', '7c4a8d09ca3762af61e59520943dc26494f8941b', 1, 515215, NULL, '70153223', NULL, '2020-05-29 10:18:34'),
(5902, 'Пользователь 906', 'user906', '7c4a8d09ca3762af61e59520943dc26494f8941b', 1, 26006, NULL, '71263223', NULL, '2020-05-29 10:18:34'),
(5903, 'Пользователь 907', 'user907', '7c4a8d09ca3762af61e59520943dc26494f8941b', 1, 137117, NULL, '72373223', NULL, '2020-05-29 10:18:34'),
(5904, 'Пользователь 908', 'user908', '7c4a8d09ca3762af61e59520943dc26494f8941b', 1, 208208, NULL, '73483223', NULL, '2020-05-29 10:18:34'),
(5905, 'Пользователь 909', 'user909', '7c4a8d09ca3762af61e59520943dc26494f8941b', 1, 310010, NULL, '74503223', NULL, '2020-05-29 10:18:34'),
(5906, 'Пользователь 910', 'user910', '7c4a8d09ca3762af61e59520943dc26494f8941b', 1, 421101, NULL, '70613223', NULL, '2020-05-29 10:18:34'),
(5907, 'Пользователь 911', 'user911', '7c4a8d09ca3762af61e59520943dc26494f8941b', 1, 532212, NULL, '71723223', NULL, '2020-05-29 10:18:34'),
(5908, 'Пользователь 912', 'user912', '7c4a8d09ca3762af61e59520943dc26494f8941b', 1, 3003, NULL, '72033223', NULL, '2020-05-29 10:18:34'),
(5909, 'Пользователь 913', 'user913', '7c4a8d09ca3762af61e59520943dc26494f8941b', 1, 114114, NULL, '73143223', NULL, '2020-05-29 10:18:34'),
(5910, 'Пользователь 914', 'user914', '7c4a8d09ca3762af61e59520943dc26494f8941b', 1, 225205, NULL, '74253223', NULL, '2020-05-29 10:18:34'),
(5911, 'Пользователь 915', 'user915', '7c4a8d09ca3762af61e59520943dc26494f8941b', 1, 336016, NULL, '70363223', NULL, '2020-05-29 10:18:34'),
(5912, 'Пользователь 916', 'user916', '7c4a8d09ca3762af61e59520943dc26494f8941b', 1, 407107, NULL, '71473223', NULL, '2020-05-29 10:18:34'),
(5913, 'Пользователь 917', 'user917', '7c4a8d09ca3762af61e59520943dc26494f8941b', 1, 518218, NULL, '72583223', NULL, '2020-05-29 10:18:34'),
(5914, 'Пользователь 918', 'user918', '7c4a8d09ca3762af61e59520943dc26494f8941b', 1, 20000, NULL, '73603223', NULL, '2020-05-29 10:18:34'),
(5915, 'Пользователь 919', 'user919', '7c4a8d09ca3762af61e59520943dc26494f8941b', 1, 131111, NULL, '74713223', NULL, '2020-05-29 10:18:34'),
(5916, 'Пользователь 920', 'user920', '7c4a8d09ca3762af61e59520943dc26494f8941b', 1, 202202, NULL, '70023223', NULL, '2020-05-29 10:18:34'),
(5917, 'Пользователь 921', 'user921', '7c4a8d09ca3762af61e59520943dc26494f8941b', 1, 313013, NULL, '71133223', NULL, '2020-05-29 10:18:34'),
(5918, 'Пользователь 922', 'user922', '7c4a8d09ca3762af61e59520943dc26494f8941b', 1, 424104, NULL, '72243223', NULL, '2020-05-29 10:18:34'),
(5919, 'Пользователь 923', 'user923', '7c4a8d09ca3762af61e59520943dc26494f8941b', 1, 535215, NULL, '73353223', NULL, '2020-05-29 10:18:34'),
(5920, 'Пользователь 924', 'user924', '7c4a8d09ca3762af61e59520943dc26494f8941b', 1, 6006, NULL, '74463223', NULL, '2020-05-29 10:18:34'),
(5921, 'Пользователь 925', 'user925', '7c4a8d09ca3762af61e59520943dc26494f8941b', 1, 117117, NULL, '70573223', NULL, '2020-05-29 10:18:34'),
(5922, 'Пользователь 926', 'user926', '7c4a8d09ca3762af61e59520943dc26494f8941b', 1, 228208, NULL, '71683223', NULL, '2020-05-29 10:18:34'),
(5923, 'Пользователь 927', 'user927', '7c4a8d09ca3762af61e59520943dc26494f8941b', 1, 330010, NULL, '72703223', NULL, '2020-05-29 10:18:34'),
(5924, 'Пользователь 928', 'user928', '7c4a8d09ca3762af61e59520943dc26494f8941b', 1, 401101, NULL, '73013223', NULL, '2020-05-29 10:18:34'),
(5925, 'Пользователь 929', 'user929', '7c4a8d09ca3762af61e59520943dc26494f8941b', 1, 512212, NULL, '74123223', NULL, '2020-05-29 10:18:34'),
(5926, 'Пользователь 930', 'user930', '7c4a8d09ca3762af61e59520943dc26494f8941b', 1, 23003, NULL, '70233223', NULL, '2020-05-29 10:18:34'),
(5927, 'Пользователь 931', 'user931', '7c4a8d09ca3762af61e59520943dc26494f8941b', 1, 134114, NULL, '71343223', NULL, '2020-05-29 10:18:34'),
(5928, 'Пользователь 932', 'user932', '7c4a8d09ca3762af61e59520943dc26494f8941b', 1, 205205, NULL, '72453223', NULL, '2020-05-29 10:18:34'),
(5929, 'Пользователь 933', 'user933', '7c4a8d09ca3762af61e59520943dc26494f8941b', 1, 316016, NULL, '73563223', NULL, '2020-05-29 10:18:34'),
(5930, 'Пользователь 934', 'user934', '7c4a8d09ca3762af61e59520943dc26494f8941b', 1, 427107, NULL, '74673223', NULL, '2020-05-29 10:18:34'),
(5931, 'Пользователь 935', 'user935', '7c4a8d09ca3762af61e59520943dc26494f8941b', 1, 538218, NULL, '70783223', NULL, '2020-05-29 10:18:34'),
(5932, 'Пользователь 936', 'user936', '7c4a8d09ca3762af61e59520943dc26494f8941b', 1, 0, NULL, '71003223', NULL, '2020-05-29 10:18:34'),
(5933, 'Пользователь 937', 'user937', '7c4a8d09ca3762af61e59520943dc26494f8941b', 1, 111111, NULL, '72113223', NULL, '2020-05-29 10:18:34'),
(5934, 'Пользователь 938', 'user938', '7c4a8d09ca3762af61e59520943dc26494f8941b', 1, 222202, NULL, '73223223', NULL, '2020-05-29 10:18:34'),
(5935, 'Пользователь 939', 'user939', '7c4a8d09ca3762af61e59520943dc26494f8941b', 1, 333013, NULL, '74333223', NULL, '2020-05-29 10:18:34'),
(5936, 'Пользователь 940', 'user940', '7c4a8d09ca3762af61e59520943dc26494f8941b', 1, 404104, NULL, '70443223', NULL, '2020-05-29 10:18:34'),
(5937, 'Пользователь 941', 'user941', '7c4a8d09ca3762af61e59520943dc26494f8941b', 1, 515215, NULL, '71553223', NULL, '2020-05-29 10:18:34'),
(5938, 'Пользователь 942', 'user942', '7c4a8d09ca3762af61e59520943dc26494f8941b', 1, 26006, NULL, '72663223', NULL, '2020-05-29 10:18:34'),
(5939, 'Пользователь 943', 'user943', '7c4a8d09ca3762af61e59520943dc26494f8941b', 1, 137117, NULL, '73773223', NULL, '2020-05-29 10:18:34'),
(5940, 'Пользователь 944', 'user944', '7c4a8d09ca3762af61e59520943dc26494f8941b', 1, 208208, NULL, '74083223', NULL, '2020-05-29 10:18:34'),
(5941, 'Пользователь 945', 'user945', '7c4a8d09ca3762af61e59520943dc26494f8941b', 1, 310010, NULL, '70103223', NULL, '2020-05-29 10:18:34'),
(5942, 'Пользователь 946', 'user946', '7c4a8d09ca3762af61e59520943dc26494f8941b', 1, 421101, NULL, '71213223', NULL, '2020-05-29 10:18:34'),
(5943, 'Пользователь 947', 'user947', '7c4a8d09ca3762af61e59520943dc26494f8941b', 1, 532212, NULL, '72323223', NULL, '2020-05-29 10:18:34'),
(5944, 'Пользователь 948', 'user948', '7c4a8d09ca3762af61e59520943dc26494f8941b', 1, 3003, NULL, '73433223', NULL, '2020-05-29 10:18:34'),
(5945, 'Пользователь 949', 'user949', '7c4a8d09ca3762af61e59520943dc26494f8941b', 1, 114114, NULL, '74543223', NULL, '2020-05-29 10:18:34'),
(5946, 'Пользователь 950', 'user950', '7c4a8d09ca3762af61e59520943dc26494f8941b', 1, 225205, NULL, '70653223', NULL, '2020-05-29 10:18:34'),
(5947, 'Пользователь 951', 'user951', '7c4a8d09ca3762af61e59520943dc26494f8941b', 1, 336016, NULL, '71763223', NULL, '2020-05-29 10:18:34'),
(5948, 'Пользователь 952', 'user952', '7c4a8d09ca3762af61e59520943dc26494f8941b', 1, 407107, NULL, '72073223', NULL, '2020-05-29 10:18:34'),
(5949, 'Пользователь 953', 'user953', '7c4a8d09ca3762af61e59520943dc26494f8941b', 1, 518218, NULL, '73183223', NULL, '2020-05-29 10:18:34'),
(5950, 'Пользователь 954', 'user954', '7c4a8d09ca3762af61e59520943dc26494f8941b', 1, 20000, NULL, '74203223', NULL, '2020-05-29 10:18:34'),
(5951, 'Пользователь 955', 'user955', '7c4a8d09ca3762af61e59520943dc26494f8941b', 1, 131111, NULL, '70313223', NULL, '2020-05-29 10:18:34'),
(5952, 'Пользователь 956', 'user956', '7c4a8d09ca3762af61e59520943dc26494f8941b', 1, 202202, NULL, '71423223', NULL, '2020-05-29 10:18:34'),
(5953, 'Пользователь 957', 'user957', '7c4a8d09ca3762af61e59520943dc26494f8941b', 1, 313013, NULL, '72533223', NULL, '2020-05-29 10:18:34'),
(5954, 'Пользователь 958', 'user958', '7c4a8d09ca3762af61e59520943dc26494f8941b', 1, 424104, NULL, '73643223', NULL, '2020-05-29 10:18:34'),
(5955, 'Пользователь 959', 'user959', '7c4a8d09ca3762af61e59520943dc26494f8941b', 1, 535215, NULL, '74753223', NULL, '2020-05-29 10:18:34'),
(5956, 'Пользователь 960', 'user960', '7c4a8d09ca3762af61e59520943dc26494f8941b', 1, 6006, NULL, '70063223', NULL, '2020-05-29 10:18:34'),
(5957, 'Пользователь 961', 'user961', '7c4a8d09ca3762af61e59520943dc26494f8941b', 1, 117117, NULL, '71173223', NULL, '2020-05-29 10:18:34'),
(5958, 'Пользователь 962', 'user962', '7c4a8d09ca3762af61e59520943dc26494f8941b', 1, 228208, NULL, '72283223', NULL, '2020-05-29 10:18:34'),
(5959, 'Пользователь 963', 'user963', '7c4a8d09ca3762af61e59520943dc26494f8941b', 1, 330010, NULL, '73303223', NULL, '2020-05-29 10:18:34'),
(5960, 'Пользователь 964', 'user964', '7c4a8d09ca3762af61e59520943dc26494f8941b', 1, 401101, NULL, '74413223', NULL, '2020-05-29 10:18:34'),
(5961, 'Пользователь 965', 'user965', '7c4a8d09ca3762af61e59520943dc26494f8941b', 1, 512212, NULL, '70523223', NULL, '2020-05-29 10:18:34'),
(5962, 'Пользователь 966', 'user966', '7c4a8d09ca3762af61e59520943dc26494f8941b', 1, 23003, NULL, '71633223', NULL, '2020-05-29 10:18:34'),
(5963, 'Пользователь 967', 'user967', '7c4a8d09ca3762af61e59520943dc26494f8941b', 1, 134114, NULL, '72743223', NULL, '2020-05-29 10:18:34'),
(5964, 'Пользователь 968', 'user968', '7c4a8d09ca3762af61e59520943dc26494f8941b', 1, 205205, NULL, '73053223', NULL, '2020-05-29 10:18:34'),
(5965, 'Пользователь 969', 'user969', '7c4a8d09ca3762af61e59520943dc26494f8941b', 1, 316016, NULL, '74163223', NULL, '2020-05-29 10:18:34'),
(5966, 'Пользователь 970', 'user970', '7c4a8d09ca3762af61e59520943dc26494f8941b', 1, 427107, NULL, '70273223', NULL, '2020-05-29 10:18:34'),
(5967, 'Пользователь 971', 'user971', '7c4a8d09ca3762af61e59520943dc26494f8941b', 1, 538218, NULL, '71383223', NULL, '2020-05-29 10:18:34'),
(5968, 'Пользователь 972', 'user972', '7c4a8d09ca3762af61e59520943dc26494f8941b', 1, 0, NULL, '72403223', NULL, '2020-05-29 10:18:34'),
(5969, 'Пользователь 973', 'user973', '7c4a8d09ca3762af61e59520943dc26494f8941b', 1, 111111, NULL, '73513223', NULL, '2020-05-29 10:18:34'),
(5970, 'Пользователь 974', 'user974', '7c4a8d09ca3762af61e59520943dc26494f8941b', 1, 222202, NULL, '74623223', NULL, '2020-05-29 10:18:34'),
(5971, 'Пользователь 975', 'user975', '7c4a8d09ca3762af61e59520943dc26494f8941b', 1, 333013, NULL, '70733223', NULL, '2020-05-29 10:18:34'),
(5972, 'Пользователь 976', 'user976', '7c4a8d09ca3762af61e59520943dc26494f8941b', 1, 404104, NULL, '71043223', NULL, '2020-05-29 10:18:34'),
(5973, 'Пользователь 977', 'user977', '7c4a8d09ca3762af61e59520943dc26494f8941b', 1, 515215, NULL, '72153223', NULL, '2020-05-29 10:18:34'),
(5974, 'Пользователь 978', 'user978', '7c4a8d09ca3762af61e59520943dc26494f8941b', 1, 26006, NULL, '73263223', NULL, '2020-05-29 10:18:34'),
(5975, 'Пользователь 979', 'user979', '7c4a8d09ca3762af61e59520943dc26494f8941b', 1, 137117, NULL, '74373223', NULL, '2020-05-29 10:18:34'),
(5976, 'Пользователь 980', 'user980', '7c4a8d09ca3762af61e59520943dc26494f8941b', 1, 208208, NULL, '70483223', NULL, '2020-05-29 10:18:34'),
(5977, 'Пользователь 981', 'user981', '7c4a8d09ca3762af61e59520943dc26494f8941b', 1, 310010, NULL, '71503223', NULL, '2020-05-29 10:18:34'),
(5978, 'Пользователь 982', 'user982', '7c4a8d09ca3762af61e59520943dc26494f8941b', 1, 421101, NULL, '72613223', NULL, '2020-05-29 10:18:34'),
(5979, 'Пользователь 983', 'user983', '7c4a8d09ca3762af61e59520943dc26494f8941b', 1, 532212, NULL, '73723223', NULL, '2020-05-29 10:18:34'),
(5980, 'Пользователь 984', 'user984', '7c4a8d09ca3762af61e59520943dc26494f8941b', 1, 3003, NULL, '74033223', NULL, '2020-05-29 10:18:34'),
(5981, 'Пользователь 985', 'user985', '7c4a8d09ca3762af61e59520943dc26494f8941b', 1, 114114, NULL, '70143223', NULL, '2020-05-29 10:18:34'),
(5982, 'Пользователь 986', 'user986', '7c4a8d09ca3762af61e59520943dc26494f8941b', 1, 225205, NULL, '71253223', NULL, '2020-05-29 10:18:34'),
(5983, 'Пользователь 987', 'user987', '7c4a8d09ca3762af61e59520943dc26494f8941b', 1, 336016, NULL, '72363223', NULL, '2020-05-29 10:18:34'),
(5984, 'Пользователь 988', 'user988', '7c4a8d09ca3762af61e59520943dc26494f8941b', 1, 407107, NULL, '73473223', NULL, '2020-05-29 10:18:34'),
(5985, 'Пользователь 989', 'user989', '7c4a8d09ca3762af61e59520943dc26494f8941b', 1, 518218, NULL, '74583223', NULL, '2020-05-29 10:18:34'),
(5986, 'Пользователь 990', 'user990', '7c4a8d09ca3762af61e59520943dc26494f8941b', 1, 20000, NULL, '70603223', NULL, '2020-05-29 10:18:34'),
(5987, 'Пользователь 991', 'user991', '7c4a8d09ca3762af61e59520943dc26494f8941b', 1, 131111, NULL, '71713223', NULL, '2020-05-29 10:18:34'),
(5988, 'Пользователь 992', 'user992', '7c4a8d09ca3762af61e59520943dc26494f8941b', 1, 202202, NULL, '72023223', NULL, '2020-05-29 10:18:35'),
(5989, 'Пользователь 993', 'user993', '7c4a8d09ca3762af61e59520943dc26494f8941b', 1, 313013, NULL, '73133223', NULL, '2020-05-29 10:18:35'),
(5990, 'Пользователь 994', 'user994', '7c4a8d09ca3762af61e59520943dc26494f8941b', 1, 424104, NULL, '74243223', NULL, '2020-05-29 10:18:35'),
(5991, 'Пользователь 995', 'user995', '7c4a8d09ca3762af61e59520943dc26494f8941b', 1, 535215, NULL, '70353223', NULL, '2020-05-29 10:18:35'),
(5992, 'Пользователь 996', 'user996', '7c4a8d09ca3762af61e59520943dc26494f8941b', 1, 6006, NULL, '71463223', NULL, '2020-05-29 10:18:35'),
(5993, 'Пользователь 997', 'user997', '7c4a8d09ca3762af61e59520943dc26494f8941b', 1, 117117, NULL, '72573223', NULL, '2020-05-29 10:18:35'),
(5994, 'Пользователь 998', 'user998', '7c4a8d09ca3762af61e59520943dc26494f8941b', 1, 228208, NULL, '73683223', NULL, '2020-05-29 10:18:35'),
(5995, 'Пользователь 999', 'user999', '7c4a8d09ca3762af61e59520943dc26494f8941b', 1, 330010, NULL, '74703223', NULL, '2020-05-29 10:18:35');

-- --------------------------------------------------------

--
-- Структура таблицы `users_loyality_point`
--

CREATE TABLE `users_loyality_point` (
  `id` int(11) NOT NULL,
  `loyality_point_id` int(11) NOT NULL,
  `user_id` int(11) NOT NULL,
  `value` float NOT NULL,
  `dt` timestamp NOT NULL DEFAULT CURRENT_TIMESTAMP,
  `dt_Accepted` timestamp NOT NULL DEFAULT CURRENT_TIMESTAMP ON UPDATE CURRENT_TIMESTAMP,
  `isAcceptad` tinyint(1) DEFAULT '0'
) ENGINE=InnoDB DEFAULT CHARSET=utf8;

--
-- Дамп данных таблицы `users_loyality_point`
--

INSERT INTO `users_loyality_point` (`id`, `loyality_point_id`, `user_id`, `value`, `dt`, `dt_Accepted`, `isAcceptad`) VALUES
(13, 7, 4997, 15, '2020-05-29 10:20:22', '2020-05-29 06:27:30', 1),
(14, 7, 4997, 17, '2020-05-29 10:20:22', '2020-05-29 06:27:30', 1),
(15, 7, 4997, 14, '2020-05-29 10:20:23', '2020-05-29 06:27:30', 1),
(16, 7, 4997, 20, '2020-05-29 10:20:23', '2020-05-29 06:27:30', 1),
(17, 7, 4997, 19, '2020-05-29 10:20:24', '2020-05-29 06:27:30', 1),
(18, 7, 4997, 16, '2020-05-29 10:23:39', '2020-05-29 06:27:30', 1),
(19, 7, 4997, 16, '2020-05-29 10:23:40', '2020-05-29 06:27:30', 1),
(20, 7, 4997, 19, '2020-05-29 10:23:40', '2020-05-29 06:27:30', 1),
(21, 7, 4997, 19, '2020-05-29 10:23:44', '2020-05-29 06:27:30', 1),
(22, 7, 4997, 13, '2020-05-29 10:23:45', '2020-05-29 06:27:30', 1),
(23, 7, 4997, 14, '2020-05-29 10:23:47', '2020-05-29 06:27:30', 1),
(24, 7, 4997, 13, '2020-05-29 10:23:47', '2020-05-29 06:27:30', 1),
(25, 7, 4997, 13, '2020-05-29 10:23:48', '2020-05-29 06:27:30', 1),
(26, 7, 4997, 20, '2020-05-29 10:24:27', '2020-05-29 06:27:30', 1),
(27, 7, 4997, 13, '2020-05-29 10:24:27', '2020-05-29 06:27:30', 1),
(28, 7, 4997, 17, '2020-05-29 10:24:28', '2020-05-29 06:27:30', 1),
(29, 7, 4997, 15, '2020-05-29 10:25:40', '2020-05-29 06:27:30', 1),
(30, 7, 4997, 11, '2020-05-29 10:25:40', '2020-05-29 06:27:30', 1),
(31, 7, 4997, 17, '2020-05-29 10:25:40', '2020-05-29 06:27:30', 1),
(32, 7, 4997, 18, '2020-05-29 10:25:41', '2020-05-29 06:27:30', 1),
(33, 7, 4997, 16, '2020-05-29 10:25:41', '2020-05-29 06:27:30', 1),
(34, 7, 4997, 15, '2020-05-29 10:26:07', '2020-05-29 06:27:30', 1),
(35, 7, 4997, 16, '2020-05-29 10:26:09', '2020-05-29 06:27:30', 1),
(36, 7, 4997, 13, '2020-05-29 10:27:18', '2020-05-29 06:27:30', 1),
(37, 7, 4997, 16, '2020-05-29 10:27:20', '2020-05-29 06:27:30', 1),
(38, 7, 4997, 12, '2020-05-29 10:27:22', '2020-05-29 06:27:30', 1),
(39, 7, 4997, 14, '2020-05-29 10:27:22', '2020-05-29 06:27:30', 1),
(40, 7, 4997, 19, '2020-05-29 10:46:52', '2020-05-29 06:27:30', 1),
(41, 7, 4997, 15, '2020-05-29 10:52:52', '2020-05-29 06:27:30', 1),
(42, 7, 4997, 15, '2020-05-29 10:53:42', '2020-05-29 06:27:30', 1),
(43, 7, 4997, 19, '2020-05-29 10:53:44', '2020-05-29 06:27:30', 1),
(44, 7, 4997, 12, '2020-05-29 10:53:45', '2020-05-29 06:27:30', 1),
(45, 7, 4997, 10, '2020-05-29 10:53:47', '2020-05-29 06:27:30', 1),
(46, 7, 4997, 10, '2020-05-29 10:54:21', '2020-05-29 06:27:30', 1),
(47, 7, 4997, 14, '2020-05-29 10:54:22', '2020-05-29 06:27:30', 1),
(48, 7, 4997, 13, '2020-05-29 11:11:32', '2020-05-29 06:27:30', 1),
(49, 7, 4997, 10, '2020-05-29 11:14:47', '2020-05-29 06:27:30', 1),
(50, 7, 4997, 18, '2020-05-29 11:16:08', '2020-05-29 06:27:30', 1),
(51, 7, 4997, 10, '2020-05-29 11:16:09', '2020-05-29 06:27:30', 1),
(52, 7, 4997, 16, '2020-05-29 11:16:09', '2020-05-29 06:27:30', 1),
(53, 7, 4997, 18, '2020-05-29 11:16:09', '2020-05-29 06:27:30', 1),
(54, 7, 4997, 12, '2020-05-29 11:16:09', '2020-05-29 06:27:30', 1),
(55, 7, 4997, 12, '2020-05-29 11:16:46', '2020-05-29 06:27:30', 1),
(56, 7, 4997, 12, '2020-05-29 11:47:17', '2020-05-29 06:27:30', 1),
(57, 7, 4997, 17, '2020-05-29 11:47:19', '2020-05-29 06:27:30', 1),
(58, 7, 4997, 16, '2020-05-29 11:47:19', '2020-05-29 06:27:30', 1),
(59, 7, 4997, 16, '2020-05-29 11:47:20', '2020-05-29 06:27:30', 1),
(60, 7, 4997, 2, '2020-05-29 12:11:37', '2020-05-29 06:27:30', 1),
(61, 7, 4997, 2, '2020-05-29 12:12:23', '2020-05-29 06:27:30', 1),
(62, 7, 4997, 2, '2020-05-29 12:41:33', '2020-05-29 12:41:33', 0);

-- --------------------------------------------------------

--
-- Структура таблицы `users_money`
--

CREATE TABLE `users_money` (
  `id` int(11) NOT NULL,
  `money_id` int(11) NOT NULL,
  `user_id` int(11) NOT NULL,
  `value` float NOT NULL,
  `isAcceptad` tinyint(1) DEFAULT '0',
  `dt` timestamp NOT NULL DEFAULT CURRENT_TIMESTAMP,
  `dt_Accepted` timestamp NULL DEFAULT NULL ON UPDATE CURRENT_TIMESTAMP
) ENGINE=InnoDB DEFAULT CHARSET=utf8;

--
-- Дамп данных таблицы `users_money`
--

INSERT INTO `users_money` (`id`, `money_id`, `user_id`, `value`, `isAcceptad`, `dt`, `dt_Accepted`) VALUES
(10, 7, 4997, 2, 1, '2020-05-29 10:20:20', '2020-05-29 06:27:29'),
(11, 7, 4997, 7, 1, '2020-05-29 10:20:21', '2020-05-29 06:27:29'),
(12, 7, 4997, 2, 1, '2020-05-29 10:20:23', '2020-05-29 06:27:29'),
(13, 7, 4997, 1, 1, '2020-05-29 10:20:24', '2020-05-29 06:27:29'),
(14, 7, 4997, 3, 1, '2020-05-29 10:23:40', '2020-05-29 06:27:29'),
(15, 7, 4997, 9, 1, '2020-05-29 10:23:46', '2020-05-29 06:27:29'),
(16, 7, 4997, 4, 1, '2020-05-29 10:23:46', '2020-05-29 06:27:29'),
(17, 7, 4997, 8, 1, '2020-05-29 10:23:46', '2020-05-29 06:27:29'),
(18, 7, 4997, 4, 1, '2020-05-29 10:23:48', '2020-05-29 06:27:29'),
(19, 7, 4997, 7, 1, '2020-05-29 10:23:49', '2020-05-29 06:27:29'),
(20, 7, 4997, 8, 1, '2020-05-29 10:23:49', '2020-05-29 06:27:29'),
(21, 7, 4997, 3, 1, '2020-05-29 10:24:26', '2020-05-29 06:27:29'),
(22, 7, 4997, 1, 1, '2020-05-29 10:25:39', '2020-05-29 06:27:29'),
(23, 7, 4997, 4, 1, '2020-05-29 10:25:41', '2020-05-29 06:27:29'),
(24, 7, 4997, 3, 1, '2020-05-29 10:26:06', '2020-05-29 06:27:29'),
(25, 7, 4997, 6, 1, '2020-05-29 10:26:06', '2020-05-29 06:27:29'),
(26, 7, 4997, 2, 1, '2020-05-29 10:26:07', '2020-05-29 06:27:29'),
(27, 7, 4997, 5, 1, '2020-05-29 10:26:07', '2020-05-29 06:27:29'),
(28, 7, 4997, 8, 1, '2020-05-29 10:26:08', '2020-05-29 06:27:29'),
(29, 7, 4997, 6, 1, '2020-05-29 10:26:08', '2020-05-29 06:27:29'),
(30, 7, 4997, 10, 1, '2020-05-29 10:26:08', '2020-05-29 06:27:29'),
(31, 7, 4997, 9, 1, '2020-05-29 10:26:09', '2020-05-29 06:27:29'),
(32, 7, 4997, 9, 1, '2020-05-29 10:26:09', '2020-05-29 06:27:29'),
(33, 7, 4997, 5, 1, '2020-05-29 10:27:19', '2020-05-29 06:27:29'),
(34, 7, 4997, 1, 1, '2020-05-29 10:27:19', '2020-05-29 06:27:29'),
(35, 7, 4997, 3, 1, '2020-05-29 10:27:20', '2020-05-29 06:27:29'),
(36, 7, 4997, 4, 1, '2020-05-29 10:27:21', '2020-05-29 06:27:29'),
(37, 7, 4997, 10, 1, '2020-05-29 10:53:08', '2020-05-29 06:27:29'),
(38, 7, 4997, 6, 1, '2020-05-29 10:53:09', '2020-05-29 06:27:29'),
(39, 7, 4997, 10, 1, '2020-05-29 10:53:21', '2020-05-29 06:27:29'),
(40, 7, 4997, 9, 1, '2020-05-29 10:53:41', '2020-05-29 06:27:29'),
(41, 7, 4997, 1, 1, '2020-05-29 10:53:43', '2020-05-29 06:27:29'),
(42, 7, 4997, 8, 1, '2020-05-29 10:53:43', '2020-05-29 06:27:29'),
(43, 7, 4997, 9, 1, '2020-05-29 10:53:44', '2020-05-29 06:27:29'),
(44, 7, 4997, 6, 1, '2020-05-29 10:53:46', '2020-05-29 06:27:29'),
(45, 7, 4997, 4, 1, '2020-05-29 10:53:46', '2020-05-29 06:27:29'),
(46, 7, 4997, 4, 1, '2020-05-29 10:54:20', '2020-05-29 06:27:29'),
(47, 7, 4997, 8, 1, '2020-05-29 10:54:21', '2020-05-29 06:27:29'),
(48, 7, 4997, 10, 1, '2020-05-29 10:54:21', '2020-05-29 06:27:29'),
(49, 7, 4997, 2, 1, '2020-05-29 11:05:34', '2020-05-29 06:27:29'),
(50, 7, 4997, 8, 1, '2020-05-29 11:11:22', '2020-05-29 06:27:29'),
(51, 7, 4997, 2, 1, '2020-05-29 11:14:37', '2020-05-29 06:27:29'),
(52, 7, 4997, 2, 1, '2020-05-29 11:15:53', '2020-05-29 06:27:29'),
(53, 7, 4997, 1, 1, '2020-05-29 11:16:09', '2020-05-29 06:27:29'),
(54, 7, 4997, 8, 1, '2020-05-29 11:16:10', '2020-05-29 06:27:29'),
(55, 7, 4997, 10, 1, '2020-05-29 11:16:11', '2020-05-29 06:27:30'),
(56, 7, 4997, 5, 1, '2020-05-29 11:16:12', '2020-05-29 06:27:30'),
(57, 7, 4997, 2, 1, '2020-05-29 11:47:18', '2020-05-29 06:27:30'),
(58, 7, 4997, 3, 1, '2020-05-29 11:47:18', '2020-05-29 06:27:30'),
(59, 7, 4997, 1, 1, '2020-05-29 11:47:19', '2020-05-29 06:27:30'),
(60, 7, 4997, 8, 1, '2020-05-29 11:47:19', '2020-05-29 06:27:30'),
(61, 7, 4997, 5, 1, '2020-05-29 11:47:20', '2020-05-29 06:27:30'),
(62, 7, 4997, 3, 1, '2020-05-29 11:47:20', '2020-05-29 06:27:30'),
(63, 7, 4997, 7, 1, '2020-05-29 11:47:20', '2020-05-29 06:27:30'),
(64, 7, 4997, 4, 1, '2020-05-29 11:50:30', '2020-05-29 06:27:30'),
(65, 7, 4997, 4, 1, '2020-05-29 11:50:32', '2020-05-29 06:27:30'),
(66, 7, 4997, 5, 1, '2020-05-29 11:50:33', '2020-05-29 06:27:30'),
(67, 7, 4997, 2, 0, '2020-05-29 12:33:12', NULL);

-- --------------------------------------------------------

--
-- Структура таблицы `user_items`
--

CREATE TABLE `user_items` (
  `id` int(11) NOT NULL,
  `user_id` int(11) NOT NULL,
  `item_id` int(11) NOT NULL,
  `dt` timestamp NOT NULL DEFAULT CURRENT_TIMESTAMP,
  `dt_accept` timestamp NOT NULL DEFAULT CURRENT_TIMESTAMP ON UPDATE CURRENT_TIMESTAMP
) ENGINE=InnoDB DEFAULT CHARSET=utf8;

--
-- Дамп данных таблицы `user_items`
--

INSERT INTO `user_items` (`id`, `user_id`, `item_id`, `dt`, `dt_accept`) VALUES
(1, 4997, 26, '2020-05-29 11:47:19', '2020-05-29 11:47:19'),
(2, 4997, 68, '2020-05-29 11:47:21', '2020-05-29 11:47:21'),
(3, 4997, 8, '2020-05-29 11:47:21', '2020-05-29 11:47:21'),
(4, 4997, 89, '2020-05-29 11:50:32', '2020-05-29 11:50:32'),
(5, 4997, 90, '2020-05-29 11:50:32', '2020-05-29 11:50:32'),
(6, 4997, 24, '2020-05-29 11:50:33', '2020-05-29 11:50:33'),
(7, 4997, 93, '2020-05-29 11:50:33', '2020-05-29 11:50:33');

--
-- Индексы сохранённых таблиц
--

--
-- Индексы таблицы `exchange`
--
ALTER TABLE `exchange`
  ADD PRIMARY KEY (`id`),
  ADD KEY `user_money_id` (`user_money_id`),
  ADD KEY `user_loyality_point_id` (`user_loyality_point_id`);

--
-- Индексы таблицы `goods`
--
ALTER TABLE `goods`
  ADD PRIMARY KEY (`id`),
  ADD UNIQUE KEY `name` (`name`);

--
-- Индексы таблицы `items`
--
ALTER TABLE `items`
  ADD PRIMARY KEY (`id`),
  ADD KEY `good_id` (`good_id`),
  ADD KEY `prize_id` (`prize_id`);

--
-- Индексы таблицы `loyality_points`
--
ALTER TABLE `loyality_points`
  ADD PRIMARY KEY (`id`),
  ADD KEY `prize_id` (`prize_id`);

--
-- Индексы таблицы `money`
--
ALTER TABLE `money`
  ADD PRIMARY KEY (`id`),
  ADD KEY `prize_id` (`prize_id`);

--
-- Индексы таблицы `prizes`
--
ALTER TABLE `prizes`
  ADD PRIMARY KEY (`id`),
  ADD UNIQUE KEY `name` (`name`),
  ADD KEY `stock_id` (`stock_id`);

--
-- Индексы таблицы `stocks`
--
ALTER TABLE `stocks`
  ADD PRIMARY KEY (`id`),
  ADD UNIQUE KEY `name` (`name`);

--
-- Индексы таблицы `users`
--
ALTER TABLE `users`
  ADD PRIMARY KEY (`id`),
  ADD UNIQUE KEY `login` (`login`);

--
-- Индексы таблицы `users_loyality_point`
--
ALTER TABLE `users_loyality_point`
  ADD PRIMARY KEY (`id`),
  ADD KEY `loyality_point_id` (`loyality_point_id`),
  ADD KEY `user_id` (`user_id`);

--
-- Индексы таблицы `users_money`
--
ALTER TABLE `users_money`
  ADD PRIMARY KEY (`id`),
  ADD KEY `money_id` (`money_id`),
  ADD KEY `user_id` (`user_id`);

--
-- Индексы таблицы `user_items`
--
ALTER TABLE `user_items`
  ADD PRIMARY KEY (`id`),
  ADD KEY `user_id` (`user_id`),
  ADD KEY `item_id` (`item_id`);

--
-- AUTO_INCREMENT для сохранённых таблиц
--

--
-- AUTO_INCREMENT для таблицы `exchange`
--
ALTER TABLE `exchange`
  MODIFY `id` int(11) NOT NULL AUTO_INCREMENT;

--
-- AUTO_INCREMENT для таблицы `goods`
--
ALTER TABLE `goods`
  MODIFY `id` int(11) NOT NULL AUTO_INCREMENT, AUTO_INCREMENT=1101;

--
-- AUTO_INCREMENT для таблицы `items`
--
ALTER TABLE `items`
  MODIFY `id` int(11) NOT NULL AUTO_INCREMENT, AUTO_INCREMENT=101;

--
-- AUTO_INCREMENT для таблицы `loyality_points`
--
ALTER TABLE `loyality_points`
  MODIFY `id` int(11) NOT NULL AUTO_INCREMENT, AUTO_INCREMENT=8;

--
-- AUTO_INCREMENT для таблицы `money`
--
ALTER TABLE `money`
  MODIFY `id` int(11) NOT NULL AUTO_INCREMENT, AUTO_INCREMENT=8;

--
-- AUTO_INCREMENT для таблицы `prizes`
--
ALTER TABLE `prizes`
  MODIFY `id` int(11) NOT NULL AUTO_INCREMENT, AUTO_INCREMENT=22;

--
-- AUTO_INCREMENT для таблицы `stocks`
--
ALTER TABLE `stocks`
  MODIFY `id` int(11) NOT NULL AUTO_INCREMENT, AUTO_INCREMENT=10;

--
-- AUTO_INCREMENT для таблицы `users`
--
ALTER TABLE `users`
  MODIFY `id` int(11) NOT NULL AUTO_INCREMENT, AUTO_INCREMENT=5996;

--
-- AUTO_INCREMENT для таблицы `users_loyality_point`
--
ALTER TABLE `users_loyality_point`
  MODIFY `id` int(11) NOT NULL AUTO_INCREMENT, AUTO_INCREMENT=63;

--
-- AUTO_INCREMENT для таблицы `users_money`
--
ALTER TABLE `users_money`
  MODIFY `id` int(11) NOT NULL AUTO_INCREMENT, AUTO_INCREMENT=68;

--
-- AUTO_INCREMENT для таблицы `user_items`
--
ALTER TABLE `user_items`
  MODIFY `id` int(11) NOT NULL AUTO_INCREMENT, AUTO_INCREMENT=8;

--
-- Ограничения внешнего ключа сохраненных таблиц
--

--
-- Ограничения внешнего ключа таблицы `exchange`
--
ALTER TABLE `exchange`
  ADD CONSTRAINT `exchange_ibfk_1` FOREIGN KEY (`user_money_id`) REFERENCES `users_money` (`id`),
  ADD CONSTRAINT `exchange_ibfk_2` FOREIGN KEY (`user_loyality_point_id`) REFERENCES `users_loyality_point` (`id`);

--
-- Ограничения внешнего ключа таблицы `items`
--
ALTER TABLE `items`
  ADD CONSTRAINT `items_ibfk_1` FOREIGN KEY (`good_id`) REFERENCES `goods` (`id`),
  ADD CONSTRAINT `items_ibfk_2` FOREIGN KEY (`prize_id`) REFERENCES `prizes` (`id`);

--
-- Ограничения внешнего ключа таблицы `loyality_points`
--
ALTER TABLE `loyality_points`
  ADD CONSTRAINT `loyality_points_ibfk_1` FOREIGN KEY (`prize_id`) REFERENCES `prizes` (`id`);

--
-- Ограничения внешнего ключа таблицы `money`
--
ALTER TABLE `money`
  ADD CONSTRAINT `money_ibfk_1` FOREIGN KEY (`prize_id`) REFERENCES `prizes` (`id`);

--
-- Ограничения внешнего ключа таблицы `prizes`
--
ALTER TABLE `prizes`
  ADD CONSTRAINT `prizes_ibfk_1` FOREIGN KEY (`stock_id`) REFERENCES `stocks` (`id`);

--
-- Ограничения внешнего ключа таблицы `users_loyality_point`
--
ALTER TABLE `users_loyality_point`
  ADD CONSTRAINT `users_loyality_point_ibfk_1` FOREIGN KEY (`loyality_point_id`) REFERENCES `loyality_points` (`id`),
  ADD CONSTRAINT `users_loyality_point_ibfk_2` FOREIGN KEY (`user_id`) REFERENCES `users` (`id`);

--
-- Ограничения внешнего ключа таблицы `users_money`
--
ALTER TABLE `users_money`
  ADD CONSTRAINT `users_money_ibfk_1` FOREIGN KEY (`money_id`) REFERENCES `money` (`id`),
  ADD CONSTRAINT `users_money_ibfk_2` FOREIGN KEY (`user_id`) REFERENCES `users` (`id`);

--
-- Ограничения внешнего ключа таблицы `user_items`
--
ALTER TABLE `user_items`
  ADD CONSTRAINT `user_items_ibfk_1` FOREIGN KEY (`user_id`) REFERENCES `users` (`id`),
  ADD CONSTRAINT `user_items_ibfk_2` FOREIGN KEY (`item_id`) REFERENCES `items` (`id`);
COMMIT;

/*!40101 SET CHARACTER_SET_CLIENT=@OLD_CHARACTER_SET_CLIENT */;
/*!40101 SET CHARACTER_SET_RESULTS=@OLD_CHARACTER_SET_RESULTS */;
/*!40101 SET COLLATION_CONNECTION=@OLD_COLLATION_CONNECTION */;
